Spine,Title,Netflix Streaming,URL,Director,Country,Year,Parent
1,Grand Illusion,true,http://www.netflix.com/WiMovie/Grand_Illusion/21929903,Jean Renoir,France,1937,
2,Seven Samurai,true,http://www.netflix.com/WiMovie/Seven_Samurai/950727,Akira Kurosawa,Japan,1954,
3,The Lady Vanishes,true,http://www.netflix.com/Movie/The_Lady_Vanishes/682083,Alfred Hitchcock,United Kingdom,1938,
4,Amarcord,true,http://www.netflix.com/WiMovie/Amarcord/247784,Federico Fellini,Italy,1974,
5,The 400 Blows,true,http://www.netflix.com/WiMovie/The_400_Blows/70048120,François Truffaut,France,1959,
6,Beauty and the Beast,true,http://www.netflix.com/WiMovie/Beauty_and_the_Beast/11519928,Jean Cocteau,France,1946,
7,A Night to Remember,false,http://www.netflix.com/Movie/A_Night_to_Remember/805507,Roy Ward Baker,United Kingdom,1958,
8,The Killer,false,http://www.netflix.com/Movie/The_Killer/70020140,John Woo,Hong Kong,1989,
9,Hard Boiled,false,http://www.netflix.com/Movie/Hard_Boiled/70069755,John Woo,Hong Kong,1992,
10,Walkabout,true,http://www.netflix.com/Movie/Walkabout/1101378,Nicolas Roeg,Australia,1971,
11,The Seventh Seal,true,http://www.netflix.com/Movie/The_Seventh_Seal/70127971,Ingmar Bergman,Sweden,1957,
12,This Is Spinal Tap,false,http://www.netflix.com/Movie/This_Is_Spinal_Tap/1040339,Rob Reiner,United States,1984,
13,The Silence of the Lambs,false,http://www.netflix.com/Movie/The_Silence_of_the_Lambs/14546747,Jonathan Demme,United States,1991,
14,Samurai I: Musashi Miyamoto,false,http://www.netflix.com/Movie/Samurai_Trilogy_1_Musashi_Miyamoto/11519960,Hiroshi Inagaki,Japan,1954,
15,Samurai II: Duel at Ichijoji Temple,false,http://www.netflix.com/Movie/Samurai_Trilogy_2_Duel_at_Ichijoji_Temple/11520079,Hiroshi Inagaki,Japan,1955,
16,Samurai III: Duel at Ganryu Island,false,http://www.netflix.com/Movie/Samurai_Trilogy_3_Duel_at_Ganryu_Island/11520106,Hiroshi Inagaki,Japan,1956,
17,"Salò, or the 120 Days of Sodom",false,http://www.netflix.com/Movie/Salo/70099045,Pier Paolo Pasolini,Italy,1975,
18,The Naked Kiss,false,http://www.netflix.com/Movie/The_Naked_Kiss/791040,Samuel Fuller,United States,1964,
19,Shock Corridor,false,http://www.netflix.com/Movie/Shock_Corridor/959673,Samuel Fuller,United States,1963,
20,Sid & Nancy,false,http://www.netflix.com/Movie/Sid_Nancy/962762,Alex Cox,United Kingdom,1986,
21,Dead Ringers,false,http://www.netflix.com/Movie/Dead_Ringers/70027574,David Cronenberg,United States,1988,
22,Summertime,true,http://www.netflix.com/Movie/Summertime/1012340,David Lean,United States,1955,
23,RoboCop,false,http://www.netflix.com/Movie/RoboCop/17017738,Paul Verhoeven,United States,1987,
24,High and Low,true,http://www.netflix.com/Movie/High_and_Low/588717,Akira Kurosawa,Japan,1963,
25,Alphaville,false,http://www.netflix.com/Movie/Alphaville/246062,Jean-Luc Godard,France,1965,
26,The Long Good Friday,false,http://www.netflix.com/Movie/The_Long_Good_Friday/17438053,John Mackenzie,United Kingdom,1979,
27,Flesh for Frankenstein,true,http://www.netflix.com/Movie/Flesh_for_Frankenstein/17017799,Paul Morrissey,United States,1973,
28,Blood for Dracula,true,http://www.netflix.com/Movie/Blood_for_Dracula/17017827,Paul Morrissey,United States,1974,
29,Picnic at Hanging Rock,true,http://www.netflix.com/Movie/Picnic_at_Hanging_Rock/856507,Peter Weir,Australia,1975,
30,M,true,http://www.netflix.com/Movie/M/17016849,Fritz Lang,Germany,1931,
31,Great Expectations,true,http://www.netflix.com/Movie/Great_Expectations/558435,David Lean,United Kingdom,1946,
32,Oliver Twist,true,http://www.netflix.com/Movie/Oliver_Twist/822333,David Lean,United Kingdom,1948,
33,Nanook of the North,false,http://www.netflix.com/Movie/Nanook_of_the_North/791950,Robert Flaherty,United States,1922,
34,Andrei Rublev,false,http://www.netflix.com/Movie/Andrei_Rublev/256208,Andrei Tarkovsky,Soviet Union,1969,
35,Diabolique,true,http://www.netflix.com/Movie/Diabolique/441284,Henri-Georges Clouzot,France,1954,
36,The Wages of Fear ,true,http://www.netflix.com/Movie/The_Wages_of_Fear/1100354,Henri-Georges Clouzot,France,1953,
37,Time Bandits,false,http://www.netflix.com/Movie/Time_Bandits/17687800,Terry Gilliam,United Kingdom,1981,
38,Branded to Kill,true,http://www.netflix.com/Movie/Branded_to_Kill/17670296,Seijun Suzuki,Japan,1967,
39,Tokyo Drifter,true,http://www.netflix.com/Movie/Tokyo_Drifter/17670267,Seijun Suzuki,Japan,1966,
40,Armageddon,false,http://www.netflix.com/Movie/Armageddon/5670317,Michael Bay,United States,1998,
41,Henry V,true,http://www.netflix.com/Movie/Henry_V/584023,Laurence Olivier,United Kingdom,1944,
42,Fishing with John,false,http://www.netflix.com/Movie/Fishing_With_John/18008981,John Lurie,United States,1992,
43,Lord of the Flies,true,http://www.netflix.com/Movie/Lord_of_the_Flies/713039,Peter Brook,United Kingdom,1963,
44,The Red Shoes,true,http://www.netflix.com/Movie/The_Red_Shoes/897781,Michael Powell…,United Kingdom,1948,
45,Taste of Cherry,false,http://www.netflix.com/Movie/Taste_of_Cherry/1155041,Abbas Kiarostami,"Iran, Islamic Republic of",1997,
46,The Most Dangerous Game,true,http://www.netflix.com/Movie/The_Most_Dangerous_Game/774357,Ernest B. Schoedsack…,United States,1932,
47,Insomnia,false,http://www.netflix.com/Movie/Insomnia/1154918,Erik Skjoldbjærg,Norway,1997,
48,Black Orpheus,true,http://www.netflix.com/Movie/Black_Orpheus/19599610,Marcel Camus,Brazil,1959,
49,Nights of Cabiria,false,http://www.netflix.com/Movie/Nights_of_Cabiria/806626,Federico Fellini,Italy,1957,
50,And the Ship Sails On,false,http://www.netflix.com/Movie/And_the_Ship_Sails_On/20972976,Federico Fellini,Italy,1984,
51,Brazil,false,http://www.netflix.com/Movie/Brazil/329815,Terry Gilliam,United Kingdom,1985,
52,Yojimbo,true,http://www.netflix.com/Movie/Yojimbo/1142559,Akira Kurosawa,Japan,1961,
53,Sanjuro,true,http://www.netflix.com/WiMovie/Sanjuro/931837,Akira Kurosawa,Japan,1962,
54,For All Mankind,true,http://www.netflix.com/Movie/For_All_Mankind/27645080,Al Reinert,United States,1989,
55,The Unbearable Lightness of Being,false,http://www.netflix.com/Movie/The_Unbearable_Lightness_of_Being_Special_Edition/60035695,Philip Kaufman,United States,1988,
56,The 39 Steps,true,http://www.netflix.com/Movie/The_39_Steps/209070,Alfred Hitchcock,United Kingdom,1935,
57,Charade,true,http://www.netflix.com/Movie/Charade/21634796,Stanley Donen,United States,1963,
58,Peeping Tom,true,http://www.netflix.com/Movie/Peeping_Tom/848669,Michael Powell,United Kingdom,1960,
59,The Night Porter,false,http://www.netflix.com/Movie/The_Night_Porter/21930861,Liliana Cavani,Italy,1974,
60,Autumn Sonata,false,http://www.netflix.com/Movie/Autumn_Sonata/22689306,Ingmar Bergman,Sweden,1978,
61,Monty Python’s Life of Brian,false,http://www.netflix.com/Movie/Monty_Python_s_Life_of_Brian/699257,Terry Jones,United Kingdom,1979,
62,The Passion of Joan of Arc,true,http://www.netflix.com/Movie/The_Passion_of_Joan_of_Arc/21873230,Carl Th. Dreyer,France,1928,
63,Carnival of Souls,true,http://www.netflix.com/Movie/Carnival_of_Souls/60001844,Herk Harvey,United States,1962,
64,The Third Man,true,http://www.netflix.com/Movie/The_Third_Man/1039377,Carol Reed,United Kingdom,1949,
65,Rushmore,false,http://www.netflix.com/Movie/Rushmore/17236936,Wes Anderson,United States,1998,
66,The Orphic Trilogy,false,http://www.netflix.com/Movie/Jean_Cocteau_s_Orphic_Trilogy/60037759,Jean Cocteau,France,,
67,The Blood Of A Poet,false,http://www.netflix.com/Movie/Jean_Cocteau_s_Orphic_Trilogy/60037759,Jean Cocteau,France,1930,66
68,Orpheus,false,http://www.netflix.com/Movie/Jean_Cocteau_s_Orphic_Trilogy/60037759,Jean Cocteau,France,1949,66
69,Testament of Orpheus,false,http://www.netflix.com/Movie/Jean_Cocteau_s_Orphic_Trilogy/60037759,Jean Cocteau,France,1959,66
70,The Last Temptation of Christ,true,http://www.netflix.com/Movie/The_Last_Temptation_of_Christ/28000446,Martin Scorsese,United States,1988,
71,The Magic Flute,false,http://www.netflix.com/Movie/The_Magic_Flute/727250,Ingmar Bergman,Sweden,1975,
72,Le million,false,http://www.netflix.com/Movie/Le_Million/761732,René Clair,France,1931,
75,Chasing Amy,false,http://www.netflix.com/Movie/Chasing_Amy/1151188,Kevin Smith,United States,1997,
76,Brief Encounter,true,http://www.netflix.com/Movie/Brief_Encounter/60000295,David Lean,United Kingdom,1945,
77,And God Created Woman,false,http://www.netflix.com/Movie/And_God_Created_Woman/60001740,Roger Vadim,France,1956,
78,The Bank Dick,false,http://www.netflix.com/Movie/The_Bank_Dick/60001628,Edward Cline,United States,1940,
79,W. C. Fields—Six Short Films,false,http://www.netflix.com/Movie/W.C._Fields_Six_Short_Films/60001627,Monte Brice…,United States,1933,
80,The Element of Crime,false,http://www.netflix.com/Movie/The_Element_of_Crime/60001929,Lars von Trier,Denmark,1984,
81,Variety Lights,false,http://www.netflix.com/Movie/Variety_Lights/60001629,Federico Fellini…,Italy,1950,
82,Hamlet,true,http://www.netflix.com/Movie/Laurence_Olivier_s_Hamlet/60001860,Laurence Olivier,United Kingdom,1948,
83,The Harder They Come,false,http://www.netflix.com/Movie/The_Harder_They_Come/60001914,Perry Henzell,United States,1973,
84,Good Morning,false,http://www.netflix.com/Movie/Yasujiro_Ozu_s_Good_Morning/60001845,Yasujiro Ozu,Japan,1959,
85,Pygmalion,false,http://www.netflix.com/Movie/Pygmalion/60001846,Anthony Asquith…,United Kingdom,1938,
86,Eisenstein: The Sound Years: Alexander Nevsky,true,http://www.netflix.com/Movie/Alexander_Nevsky/240003,Sergei Eisenstein,,,
86,Eisenstein: The Sound Years: Ivan the Terrible,true,http://www.netflix.com/Movie/Ivan_the_Terrible/60030371,Sergei Eisenstein,,,
89,Sisters,true,http://www.netflix.com/Movie/Sisters/60002455,Brian De Palma,United States,1973,
90,Kwaidan,false,http://www.netflix.com/Movie/Kwaidan/60002456,Masaki Kobayashi,Japan,1965,
91,The Blob,false,http://www.netflix.com/Movie/The_Blob/60002718,Irvin S. Yeaworth,United States,1958,
92,Fiend Without a Face,false,http://www.netflix.com/Movie/Fiend_Without_a_Face/60003227,Arthur Crabtree,United States,1958,
93,Black Narcissus,true,http://www.netflix.com/Movie/Black_Narcissus/60002699,Michael Powell…,United Kingdom,1947,
94,I Know Where I’m Going!,true,http://www.netflix.com/Movie/I_Know_Where_I_m_Going/60002700,Michael Powell…,United Kingdom,1945,
95,All That Heaven Allows,false,http://www.netflix.com/Movie/All_That_Heaven_Allows/60020660,Douglas Sirk,United States,1955,
96,Written on the Wind,false,http://www.netflix.com/Movie/Written_on_the_Wind/60000743,Douglas Sirk,United States,1956,
97,Do the Right Thing,true,http://www.netflix.com/Movie/Do_the_Right_Thing/448860,Spike Lee,United States,1989,
98,L'avventura,true,http://www.netflix.com/Movie/L_Avventura/60020648,Michelangelo Antonioni,Italy,1960,
99,Gimme Shelter,false,http://www.netflix.com/Movie/The_Rolling_Stones_Gimme_Shelter/60002833,David Maysles…,United States,1970,
100,Beastie Boys Video Anthology,false,http://www.netflix.com/Movie/Beastie_Boys_Video_Anthology/70045517,Various,United States,2000,
101,Cries and Whispers,false,http://www.netflix.com/Movie/Cries_and_Whispers/60011618,Ingmar Bergman,Sweden,1972,
102,The Discreet Charm of the Bourgeoisie,false,http://www.netflix.com/Movie/The_Discreet_Charm_of_the_Bourgeoisie/60001469,Luis Buñuel,France,1972,
103,The Lady Eve,true,http://www.netflix.com/Movie/The_Lady_Eve/60011208,Preston Sturges,United States,1941,
104,Double Suicide,false,http://www.netflix.com/Movie/Double_Suicide/60004110,Masahiro Shinoda,Japan,1969,
105,Spartacus,false,http://www.netflix.com/Movie/Spartacus/987462,Stanley Kubrick,United States,1960,
106,Coup de torchon,false,http://www.netflix.com/Movie/Clean_Slate/60020483,Bertrand Tavernier,France,1981,
107,Mona Lisa,false,http://www.netflix.com/Movie/Mona_Lisa/60010663,Neil Jordan,United Kingdom,1986,
108,The Rock,true,http://www.netflix.com/Movie/The_Rock/914950,Michael Bay,United States,1996,
109,The Scarlet Empress,false,http://www.netflix.com/Movie/The_Scarlet_Empress/70103866,Josef von Sternberg,United States,1934,
110,M. Hulot’s Holiday,true,http://www.netflix.com/Movie/M._Hulot_s_Holiday/60010677,Jacques Tati,France,1953,
111,Mon oncle,true,http://www.netflix.com/Movie/Mon_Oncle/60033662,Jacques Tati,France,1958,
112,Playtime,true,http://www.netflix.com/Movie/Playtime/60000713,Jacques Tati,France,1967,
113,Big Deal on Madonna Street,false,http://www.netflix.com/Movie/Big_Deal_on_Madonna_Street/60020651,Mario Monicelli,Italy,1958,
114,My Man Godfrey,true,http://www.netflix.com/Movie/My_Man_Godfrey/786802,Gregory La Cava,United States,1936,
115,Rififi,false,http://www.netflix.com/Movie/Rififi/60020832,Jules Dassin,France,1955,
116,The Hidden Fortress,true,http://www.netflix.com/Movie/Hidden_Fortress/60023023,Akira Kurosawa,Japan,1958,
117,Diary of a Chambermaid,false,http://www.netflix.com/Movie/Diary_of_a_Chambermaid/60003703,Luis Buñuel,France,1964,
118,Sullivan’s Travels,false,http://www.netflix.com/Movie/Sullivan_s_Travels/60020701,Preston Sturges,United States,1942,
119,Withnail and I,false,http://www.netflix.com/Movie/Withnail_and_I/60020699,Bruce Robinson,United Kingdom,1986,
120,How to Get Ahead in Advertising,false,http://www.netflix.com/Movie/How_to_Get_Ahead_in_Advertising/60027024,Bruce Robinson,United Kingdom,1988,
121,Billy Liar,false,http://www.netflix.com/Movie/Billy_Liar/70004182,John Schlesinger,United Kingdom,1963,
122,Salesman,false,http://www.netflix.com/Movie/Salesman/60000611,Albert Maysles…,United States,1968,
123,Grey Gardens,true,http://www.netflix.com/Movie/Grey_Gardens/70020235,Albert Maysles…,United States,1976,
124,Carl Theodor Dreyer: Day of Wrath,false,http://www.netflix.com/Movie/Day_of_Wrath/70100475,Carl Theodor Dryer,Denmark,,
124,Carl Theodor Dreyer: Ordet,false,http://www.netflix.com/Movie/Ordet/70105676,Carl Theodor Dryer,Denmark,,
124,Carl Theodor Dreyer: Gertrude,false,http://www.netflix.com/Movie/Gertrud/70105677,Carl Theodor Dryer,Denmark,,
124,Carl Theodor Dreyer: My Metier,false,http://www.netflix.com/Movie/Carl_Th._Dreyer_My_Metier/70105678,Torben Skjødt Jensen ,Denmark,,
129,Le trou,false,http://www.netflix.com/Movie/Le_Trou/60021824,Jacques Becker,France,1960,
130,The Shop on Main Street,false,http://www.netflix.com/Movie/The_Shop_on_Main_Street/60011355,Ján Kadár…,Czech Republic,1965,
131,Closely Watched Trains,true,http://www.netflix.com/Movie/Closely_Watched_Trains/60010240,Jirí Menzel,Czech Republic,1966,
132,The Ruling Class,true,http://www.netflix.com/Movie/The_Ruling_Class/60011338,Peter Medak,United Kingdom,1972,
133,The Vanishing,true,http://www.netflix.com/Movie/The_Vanishing/1086657,George Sluizer,Netherlands,1988,
134,Häxan,false,http://www.netflix.com/Movie/Haxan_Witchcraft_Through_the_Ages/60021603,Benjamin Christensen,Denmark,1922,
135,Rebecca,false,http://www.netflix.com/Movie/Rebecca/895272,Alfred Hitchcock,United States,1940,
136,Spellbound,false,http://www.netflix.com/Movie/Spellbound/988884,Alfred Hitchcock,United States,1945,
137,Notorious,false,http://www.netflix.com/Movie/Notorious/813874,Alfred Hitchcock,United States,1946,
138,Rashomon,true,http://www.netflix.com/Movie/Rashomon/60010815,Akira Kurosawa,Japan,1950,
139,Wild Strawberries,true,http://www.netflix.com/Movie/Wild_Strawberries/60011578,Ingmar Bergman,Sweden,1957,
140,8½,true,http://www.netflix.com/Movie/8_1_2/60021830,Federico Fellini,Italy,1963,
141,Children of Paradise,true,http://www.netflix.com/Movie/Children_of_Paradise/60010231,Marcel Carné,France,1945,
142,The Last Wave,false,http://www.netflix.com/Movie/The_Last_Wave/60020547,Peter Weir,Australia,1977,
143,That Obscure Object of Desire,false,http://www.netflix.com/Movie/That_Obscure_Object_of_Desire/60011658,Luis Buñuel,France,1977,
144,Loves of a Blonde,false,http://www.netflix.com/Movie/The_Loves_of_a_Blonde/60010616,Milos Forman,Czech Republic,1965,
145,The Firemen’s Ball,false,http://www.netflix.com/Movie/The_Firemen_s_Ball/60011128,Milos Forman,Czech Republic,1967,
146,The Cranes Are Flying,false,http://www.netflix.com/Movie/Cranes_Are_Flying/60023112,Mikhail Kalatozov,Soviet Union,1957,
147,In the Mood for Love,true,http://www.netflix.com/Movie/In_the_Mood_for_Love/60004444,Wong Kar-wai,Hong Kong,2000,
148,Ballad of a Soldier,true,http://www.netflix.com/Movie/Ballad_of_a_Soldier/60010116,Grigori Chukhrai,Soviet Union,1959,
149,Juliet of the Spirits,false,http://www.netflix.com/Movie/Juliet_of_the_Spirits/660795,Federico Fellini,Italy,1965,
150,Bob le flambeur,false,http://www.netflix.com/Movie/Bob_Le_Flambeur/60037528,Jean-Pierre Melville,France,1956,
151,Traffic,false,http://www.netflix.com/Movie/Traffic/60003243,Steven Soderbergh,United States,2000,
152,George Washington,false,http://www.netflix.com/Movie/George_Washington/60003758,David Gordon Green,United States,2000,
153,General Idi Amin Dada,true,http://www.netflix.com/Movie/General_Idi_Amin_Dada/60023062,Barbet Schroeder,France,1974,
154,The Horse’s Mouth,false,http://www.netflix.com/Movie/The_Horse_s_Mouth/60011184,Ronald Neame,United Kingdom,1958,
155,Tokyo Olympiad,false,http://www.netflix.com/Movie/Tokyo_Olympiad/60023302,Kon Ichikawa,Japan,1965,
156,Hearts and Minds,true,http://www.netflix.com/Movie/Hearts_and_Minds/60023304,Peter Davis,United States,1974,
157,The Royal Tenenbaums,true,http://www.netflix.com/Movie/The_Royal_Tenenbaums/60021794,Wes Anderson,United States,2001,
158,The Importance of Being Earnest,true,http://www.netflix.com/Movie/The_Importance_of_Being_Earnest/60020829,Anthony Asquith,United Kingdom,1952,
159,Red Beard,false,http://www.netflix.com/Movie/Red_Beard/60023889,Akira Kurosawa,Japan,1965,
160,À nous la liberté,true,http://www.netflix.com/Movie/A_Nous_la_Liberte/60023888,René Clair,France,1931,
161,Under the Roofs of Paris,false,http://www.netflix.com/Movie/Under_the_Roofs_of_Paris/60023890,René Clair,France,1930,
162,Ratcatcher,true,http://www.netflix.com/Movie/Ratcatcher/60003773,Lynne Ramsay,United Kingdom,1999,
163,Hopscotch,true,http://www.netflix.com/Movie/Hopscotch/60023755,Ronald Neame,United States,1980,
164,Solaris,true,http://www.netflix.com/Movie/Solaris/60000596,Andrei Tarkovsky,Soviet Union,1972,
165,Man Bites Dog,true,http://www.netflix.com/Movie/Man_Bites_Dog/60024122,Rémy Belvaux…,France,1992,
166,Down by Law,false,http://www.netflix.com/Movie/Down_by_Law/60024537,Jim Jarmusch,United States,1986,
167,The Complete Monterey Pop Festival,false,http://www.netflix.com/Movie/The_Complete_Monterey_Pop_Festival/60030596,,United States,,
168,Monterey Pop,false,http://www.netflix.com/Movie/The_Complete_Monterey_Pop_Festival/60030596,D. A. Pennebaker,United States,1967,
169,Jimi Plays Monterey & Shake! Otis at Monterey,false,http://www.netflix.com/Movie/The_Complete_Monterey_Pop_Festival/60030596,D. A. Pennebaker…,United States,1986,
170,Trouble in Paradise,false,http://www.netflix.com/Movie/Trouble_in_Paradise/60025571,Ernst Lubitsch,United States,1932,
171,Contempt,false,http://www.netflix.com/Movie/Contempt/60000661,Jean-Luc Godard,France,1963,
172,Pépé le Moko,false,http://www.netflix.com/Movie/Pepe_le_Moko/60026054,Julien Duvivier,France,1937,
173,The Life and Death of Colonel Blimp,true,http://www.netflix.com/Movie/The_Life_and_Death_of_Colonel_Blimp/60024538,Michael Powell…,United Kingdom,1943,
174,Band of Outsiders,false,http://www.netflix.com/Movie/Band_of_Outsiders/60021427,Jean-Luc Godard,France,1964,
175,Fear and Loathing in Las Vegas,true,http://www.netflix.com/Movie/Fear_and_Loathing_in_Las_Vegas/11819434,Terry Gilliam,United States,1998,
176,The Killers,false,http://www.netflix.com/Movie/The_Killers_Criterion_Collection/60030651,,United States,,
177,The Lost Honor of Katharina Blum,false,http://www.netflix.com/Movie/The_Lost_Honor_of_Katharina_Blum/60026724,Volker Schlöndorff…,Germany,1975,
178,My Life as a Dog,true,http://www.netflix.com/Movie/My_Life_as_a_Dog/17922673,Lasse Hallström,Sweden,1985,
179,I Am Curious: Yellow,false,http://www.netflix.com/Movie/I_Am_Curious_Yellow/60026725,Vilgot Sjöman,Sweden,,
179,I Am Curious: Blue,false,http://www.netflix.com/Movie/I_Am_Curious_Blue/60026726,Vilgot Sjöman,Sweden,,
182,Straw Dogs,false,http://www.netflix.com/Movie/Straw_Dogs/1006554,Sam Peckinpah,United States,1971,
183,Les Dames du Bois de Boulogne,false,http://www.netflix.com/Movie/Les_Dames_du_Bois_de_Boulogne/60027170,Robert Bresson,France,1945,
184,"by Brakhage: An Anthology, Volume One",false,http://www.netflix.com/Movie/By_Brakhage_An_Anthology_Vol._1/60037760,Stan Brakhage,United States,,
185,The Adventures of Antoine Doinel: Supplements,false,http://www.netflix.com/Movie/Les_Salades_de_L_amour/60028299,François Truffaut,France,,
186,The Adventures of Antoine Doinel: Stolen Kisses,false,http://www.netflix.com/Movie/Stolen_Kisses/1001511,François Truffaut,France,,
187,The Adventures of Antoine Doinel: Bed and Board,true,http://www.netflix.com/Movie/Bed_and_Board/60027664,François Truffaut,France,,
188,The Adventures of Antoine Doinel: Love on the Run,false,http://www.netflix.com/Movie/Love_on_the_Run/718224,François Truffaut,France,,
189,The White Sheik,false,http://www.netflix.com/Movie/The_White_Sheik/60027198,Federico Fellini,Italy,1952,
190,Throne of Blood,false,http://www.netflix.com/Movie/Throne_of_Blood/60028182,Akira Kurosawa,Japan,1957,
191,Jubilee,false,http://www.netflix.com/Movie/Jubilee/60028142,Derek Jarman,United Kingdom,1978,
192,Coup de grâce,false,http://www.netflix.com/Movie/Coup_de_Grace/60028295,Volker Schlöndorff,Germany,1976,
193,Quai des Orfèvres,false,http://www.netflix.com/Movie/Quai_des_Orfevres/60028296,Henri-Georges Clouzot,France,1947,
194,Il Posto,false,http://www.netflix.com/Movie/Il_Posto/60028420,Ermanno Olmi,Italy,1961,
195,I fidanzati,false,http://www.netflix.com/Movie/I_Fidanzati/60028419,Ermanno Olmi,Italy,1962,
196,Hiroshima mon amour,false,http://www.netflix.com/Movie/Hiroshima_Mon_Amour/60028873,Alain Resnais,France,1959,
197,Night and Fog,false,http://www.netflix.com/Movie/Night_and_Fog/60028528,Alain Resnais,France,1955,
198,Ali: Fear Eats the Soul,false,http://www.netflix.com/Movie/Ali_Fear_Eats_the_Soul/60028416,Rainer Werner Fassbinder,Germany,1974,
199,Schizopolis,false,http://www.netflix.com/Movie/Schizopolis/60031725,Steven Soderbergh,United States,1996,
200,The Honeymoon Killers,false,http://www.netflix.com/Movie/The_Honeymoon_Killers/60029426,Leonard Kastle,United States,1970,
201,Umberto D.,true,http://www.netflix.com/Movie/Umberto_D./60029428,Vittorio De Sica,Italy,1952,
202,Indiscretion of an American Wife,true,http://www.netflix.com/Movie/Indiscretion_of_an_American_Wife/26213171,Vittorio De Sica,Italy,1953,
203,The BRD Trilogy,,,,,,
,,,,Rainer Werner Fassbinder,Germany,,
204,Lola,false,http://www.netflix.com/Movie/The_BRD_Trilogy_Lola/60030997,Rainer Werner Fassbinder,Germany,1981,203
205,The Marriage of Maria Braun,true,http://www.netflix.com/Movie/The_BRD_Trilogy_The_Marriage_of_Maria_Braun/60030338,Rainer Werner Fassbinder,Germany,1978,203
206,Veronika Voss,true,http://www.netflix.com/Movie/The_BRD_Trilogy_Veronika_Voss/60031001,Rainer Werner Fassbinder,Germany,1982,203
207,The Pornographers,false,http://www.netflix.com/Movie/The_Pornographers/60029427,Shohei Imamura,Japan,1966,
208,A Film Trilogy by Ingmar Bergman,,,,,,
,,,,,Sweden,,
209,Through a Glass Darkly,false,http://www.netflix.com/Movie/Through_a_Glass_Darkly/60029946,Ingmar Bergman,Sweden,1961,208
210,Winter Light,false,http://www.netflix.com/Movie/Winter_Light/60029948,Ingmar Bergman,Sweden,1962,208
211,The Silence,false,http://www.netflix.com/Movie/The_Silence/60029947,Ingmar Bergman,Sweden,1963,208
212,Ingmar Bergman Makes a Movie,false,,Vilgot Sjöman,Sweden,1962,208
213,Richard III ,true,http://www.netflix.com/Movie/Richard_III/60010827,Laurence Olivier,United Kingdom,1955,
214,The Devil and Daniel Webster,false,http://www.netflix.com/Movie/The_Devil_and_Daniel_Webster/60031002,William Dieterle,United States,1941,
215,Knife in the Water,true,http://www.netflix.com/Movie/Knife_in_the_Water/60031003,Roman Polanski,Poland,1962,
216,The Rules of the Game,true,http://www.netflix.com/Movie/The_Rules_of_the_Game/60033867,Jean Renoir,France,1939,
217,Tokyo Story,true,http://www.netflix.com/Movie/Tokyo_Story/60031727,Yasujiro Ozu,Japan,1953,
218,Le cercle rouge,true,http://www.netflix.com/Movie/Le_Cercle_Rouge/60031723,Jean-Pierre Melville,France,1970,
219,La Strada,true,http://www.netflix.com/Movie/La_Strada_Special_Edition/60032448,Federico Fellini,Italy,1954,
220,Naked Lunch,false,http://www.netflix.com/Movie/Naked_Lunch/60032450,David Cronenberg,Canada,1991,
221,Ikiru,true,http://www.netflix.com/Movie/Ikiru/60033661,Akira Kurosawa,Japan,1952,
222,Diary of a Country Priest,false,http://www.netflix.com/Movie/Diary_of_a_Country_Priest/60034263,Robert Bresson,France,1951,
223,Maîtresse,false,http://www.netflix.com/Movie/Maitresse/60034264,Barbet Schroeder,France,1973,
224,Pickup on South Street,false,http://www.netflix.com/Movie/Pickup_on_South_Street/60010783,Samuel Fuller,United States,1953,
225,Tunes of Glory,false,http://www.netflix.com/Movie/Tunes_of_Glory/60011494,Ronald Neame,United Kingdom,1960,
226,Onibaba,true,http://www.netflix.com/Movie/Onibaba/60034702,Kaneto Shindo,Japan,1964,
227,Le Corbeau,true,http://www.netflix.com/Movie/Le_Corbeau/60034706,Henri-Georges Clouzot,France,1943,
228,Salvatore Giuliano,false,http://www.netflix.com/Movie/Salvatore_Giuliano/60034874,Francesco Rosi,Italy,1961,
229,Scenes from a Marriage,false,http://www.netflix.com/Movie/Scenes_from_a_Marriage_Miniseries_Version/60036162,Ingmar Bergman,Sweden,1973,
230,3 Women,false,http://www.netflix.com/Movie/3_Women/60036707,Robert Altman,United States,1977,
231,The Testament of Dr. Mabuse,true,http://www.netflix.com/Movie/The_Testament_of_Dr._Mabuse/60037725,Fritz Lang,Germany,1933,
232,A Story of Floating Weeds / Floating Weeds,false,http://www.netflix.com/Movie/A_Story_of_Floating_Weeds/60036708,Yasujiro Ozu,Japan,,
233,Stray Dog,false,http://www.netflix.com/Movie/Stray_Dog/60037985,Akira Kurosawa,Japan,1949,
234,The Tin Drum,false,http://www.netflix.com/Movie/The_Tin_Drum/60028805,Volker Schlöndorff,Germany,1979,
235,The Leopard,false,http://www.netflix.com/Movie/The_Leopard_Italian_Version/60037956,Luchino Visconti,Italy,1963,
236,Mamma Roma,false,http://www.netflix.com/Movie/Mamma_Roma/70000939,Pier Paolo Pasolini,Italy,1962,
237,Smiles of a Summer Night,true,http://www.netflix.com/Movie/Smiles_of_a_Summer_Night/60037955,Ingmar Bergman,Sweden,1955,
238,A Woman Is a Woman,true,http://www.netflix.com/Movie/A_Woman_Is_a_Woman/70000934,Jean-Luc Godard,France,1961,
239,The Lower Depths,true,http://www.netflix.com/Movie/The_Lower_Depths/60029949,Jean Renoir,France,1936,
239,The Lower Depths,false,http://www.netflix.com/Movie/The_Lower_Depths/70003867,Akira Kurosawa,Japan,1957,
240,Early Summer,false,http://www.netflix.com/Movie/Early_Summer/70001739,Yasujiro Ozu,Japan,1951,
241,Stage and Spectacle: Three Films by Jean Renoir,,,,,,
,,,,Jean Renoir,France,,
242,The Golden Coach,false,http://www.netflix.com/Movie/Jean_Renoir_The_Golden_Coach/70001707,Jean Renoir,France,1953,241
243,French Cancan,false,http://www.netflix.com/Movie/Jean_Renoir_French_Cancan/70001709,Jean Renoir,France,1955,241
244,Elena And Her Men,false,http://www.netflix.com/Movie/Jean_Renoir_Elena_and_Her_Men/70001710,Jean Renoir,France,1956,241
245,Port of Shadows,false,http://www.netflix.com/Movie/Port_of_Shadows/70001701,Marcel Carné,France,1938,
246,I vitelloni,true,http://www.netflix.com/Movie/I_Vitelloni/60011525,Federico Fellini,Italy,1953,
247,Slacker,true,http://www.netflix.com/Movie/Slacker/60034959,Richard Linklater,United States,1991,
248,Videodrome,false,http://www.netflix.com/Movie/Videodrome/1093793,David Cronenberg,Canada,1983,
249,The Battle of Algiers ,true,http://www.netflix.com/Movie/The_Battle_of_Algiers/60011023,Gillo Pontecorvo,Algeria,1966,
250,John Cassavetes: Five Films,,,,,,
,,,,,United States,,
251,Shadows,false,http://www.netflix.com/Movie/Shadows/953547,John Cassavetes,United States,1959,250
252,Faces,false,http://www.netflix.com/Movie/Faces/488640,John Cassavetes,United States,1968,250
253,A Woman Under the Influence,false,http://www.netflix.com/Movie/A_Woman_Under_the_Influence/1132292,John Cassavetes,United States,1974,250
254,The Killing of a Chinese Bookie,false,http://www.netflix.com/Movie/The_Killing_of_a_Chinese_Bookie/671257,John Cassavetes,United States,1976,250
255,Opening Night,false,http://www.netflix.com/Movie/Opening_Night/828975,John Cassavetes,United States,1976,250
256,A Constant Forge,false,http://www.netflix.com/Movie/A_Constant_Forge_The_Life_and_Art_of_John_Cassavetes/70103820,Charles Kiselyak,United States,2000,250
257,Secret Honor,false,http://www.netflix.com/Movie/Secret_Honor/70014527,Robert Altman,United States,1984,
258,Tanner ’88,false,http://www.netflix.com/Movie/Tanner_88/70014673,Robert Altman,United States,1988,
259,Fat Girl,false,,Catherine Breillat,France,2001,
260,Eyes Without a Face,true,http://www.netflix.com/Movie/Eyes_Without_a_Face/70014452,Georges Franju,France,1960,
261,Fanny and Alexander Box Set,,,,,,
,,,,Ingmar Bergman,Sweden,1982,
262,Fanny and Alexander — The Television Version,false,http://www.netflix.com/Movie/Fanny_and_Alexander_TV_Version/70018144,Ingmar Bergman,Sweden,1982,253
263,Fanny and Alexander — The Theatrical Version,true,http://www.netflix.com/Movie/Fanny_and_Alexander/60010336,Ingmar Bergman,Sweden,1982,253
264,The Making of Fanny and Alexander,false,http://www.netflix.com/Movie/The_Making_of_Fanny_and_Alexander/70018146,Ingmar Bergman,Sweden,1982,253
265,Short Cuts,false,http://www.netflix.com/Movie/Short_Cuts/60002791,Robert Altman,United States,1993,
266,The King of Kings: Roadshow Verion,false,http://www.netflix.com/Movie/The_King_of_Kings_Roadshow_Version/70018676,Cecil B. DeMille,United States,1927,
266,The King of Kings: General Release Version,false,http://www.netflix.com/Movie/The_King_of_Kings_General_Release_Version/70018678,Cecil B. DeMille,United States,1927,
267,Kagemusha,false,http://www.netflix.com/Movie/Kagemusha/70005243,Akira Kurosawa,Japan,1980,
268,Youth of the Beast,false,http://www.netflix.com/Movie/Youth_of_the_Beast/70019196,Seijun Suzuki,Japan,1963,
269,Fighting Elegy,false,http://www.netflix.com/Movie/Fighting_Elegy/70019195,Seijun Suzuki,Japan,1966,
270,Casque d’or,false,http://www.netflix.com/Movie/Casque_d_Or/70019228,Jacques Becker,France,1952,
271,Touchez pas au grisbi,false,http://www.netflix.com/Movie/Touchez_Pas_au_Grisbi/70019232,Jacques Becker,France,1954,
272,La commare secca,false,http://www.netflix.com/Movie/La_Commare_Secca/70020786,Bernardo Bertolucci,Italy,1962,
273,Thieves’ Highway,true,http://www.netflix.com/Movie/Thieves_Highway/70020794,Jules Dassin,United States,1949,
274,Night and the City,true,http://www.netflix.com/Movie/Night_and_the_City/70020788,Jules Dassin,United States,1950,
275,Tout va bien,true,http://www.netflix.com/Movie/Tout_Va_Bien/70020859,Jean-Luc Godard…,France,1972,
276,The River,false,http://www.netflix.com/Movie/The_River/70021195,Jean Renoir,France,1951,
277,My Own Private Idaho,false,http://www.netflix.com/Movie/My_Own_Private_Idaho/60035031,Gus Van Sant,United States,1991,
278,L'eclisse,false,http://www.netflix.com/Movie/L_Eclisse/70021609,Michelangelo Antonioni,Italy,1962,
279,Young Törless,false,http://www.netflix.com/Movie/Young_Torless/70021218,Volker Schlöndorff,Germany,1966,
280,The Sword of Doom,false,http://www.netflix.com/Movie/The_Sword_of_Doom/70009166,Kihachi Okamoto,Japan,1966,
281,Jules and Jim,true,http://www.netflix.com/Movie/Jules_and_Jim/660602,François Truffaut,France,1962,
282,Andrzej Wajda: Three War Films,,,,,,
,,,,Andrzej Wajda,Poland,,
283,A Generation,false,http://www.netflix.com/Movie/A_Generation/70108620,Andrzej Wajda,Poland,1955,282
284,Kanal,false,http://www.netflix.com/Movie/Kanal/60032452,Andrzej Wajda,Poland,1957,282
285,Ashes and Diamonds,false,http://www.netflix.com/Movie/Ashes_and_Diamonds/60032451,Andrzej Wajda,Poland,1958,282
286,"Divorce, Italian Style",false,http://www.netflix.com/Movie/Divorce_Italian_Style/70000787,Pietro Germi,Italy,1961,
287,Burden of Dreams,true,http://www.netflix.com/Movie/Burden_of_Dreams/60000802,Les Blank,United States,1982,
288,F for Fake,true,http://www.netflix.com/Movie/F_for_Fake/70029549,Orson Welles,United States,1975,
289,Hoop Dreams,true,http://www.netflix.com/Movie/Hoop_Dreams/60002760,Steve James,United States,1994,
290,The Phantom of Liberty,false,http://www.netflix.com/Movie/The_Phantom_of_Liberty/70032556,Luis Buñuel,France,1974,
291,Heaven Can Wait,false,http://www.netflix.com/Movie/Heaven_Can_Wait/60011709,Ernst Lubitsch,United States,1943,
292,Unfaithfully Yours,true,http://www.netflix.com/Movie/Unfaithfully_Yours/70010200,Preston Sturges,United States,1948,
293,The Flowers of St. Francis,false,http://www.netflix.com/Movie/The_Flowers_of_St._Francis/70036294,Roberto Rossellini,Italy,1950,
294,The Browning Version,false,http://www.netflix.com/Movie/The_Browning_Version/70034567,Anthony Asquith,United Kingdom,1951,
295,Crazed Fruit,false,http://www.netflix.com/Movie/Crazed_Fruit/70034581,Kô Nakahira,Japan,1956,
296,Le notti bianche,false,http://www.netflix.com/Movie/Le_Notti_Bianche/70036288,Luchino Visconti,Italy,1957,
297,Au hasard Balthazar,false,http://www.netflix.com/Movie/Au_Hasard_Balthazar/70034247,Robert Bresson,France,1966,
298,Gate of Flesh,false,http://www.netflix.com/Movie/Gate_of_Flesh/70013439,Seijun Suzuki,Japan,1964,
299,Story of a Prostitute,false,http://www.netflix.com/Movie/Story_of_a_Prostitute/70036292,Seijun Suzuki,Japan,1965,
300,The Life Aquatic with Steve Zissou,false,http://www.netflix.com/Movie/The_Life_Aquatic_with_Steve_Zissou/70011212,Wes Anderson,United States,2004,
301,An Angel at My Table,false,http://www.netflix.com/Movie/An_Angel_at_My_Table/60034964,Jane Campion,New Zealand,1990,
302,Harakiri,false,http://www.netflix.com/Movie/Harakiri/70036293,Masaki Kobayashi,Japan,1962,
303,Bad Timing,false,http://www.netflix.com/Movie/Bad_Timing/70004507,Nicolas Roeg,United States,1980,
304,The Man Who Fell to Earth,false,http://www.netflix.com/Movie/The_Man_Who_Fell_to_Earth/736007,Nicolas Roeg,United States,1976,
305,Boudu Saved from Drowning,true,http://www.netflix.com/Movie/Boudu_Saved_from_Drowning/70004961,Jean Renoir,France,1932,
306,Le Samouraï,false,http://www.netflix.com/Movie/Le_Samourai/70039923,Jean-Pierre Melville,France,1967,
307,Naked,false,http://www.netflix.com/Movie/Naked/60034974,Mike Leigh,United Kingdom,1993,
308,Masculin féminin,false,http://www.netflix.com/Movie/Masculin_Feminin/70039890,Jean-Luc Godard,France,1966,
309,Ugetsu,true,http://www.netflix.com/Movie/Ugetsu/60011507,Kenji Mizoguchi,Japan,1953,
310,Samurai Rebellion,true,http://www.netflix.com/Movie/Samurai_Rebellion/70009662,Masaki Kobayashi,Japan,1967,
311,Sword of the Beast,false,http://www.netflix.com/Movie/Sword_of_the_Beast/70039884,Hideo Gosha,Japan,1965,
312,Samurai Spy,false,http://www.netflix.com/Movie/Samurai_Spy/70039886,Masahiro Shinoda,Japan,1965,
313,Kill!,false,http://www.netflix.com/Movie/Kill/70039887,Kihachi Okamoto,Japan,1968,
314,Pickpocket,true,http://www.netflix.com/Movie/Pickpocket/70041508,Robert Bresson,France,1959,
315,Shoot the Piano Player,true,http://www.netflix.com/Movie/Shoot_the_Piano_Player/19599445,François Truffaut,France,1960,
316,Ran,false,http://www.netflix.com/Movie/Ran/60027429,Akira Kurosawa,Japan,1985,
317,The Tales of Hoffmann,false,http://www.netflix.com/Movie/The_Tales_of_Hoffmann/60010968,Michael Powell…,United Kingdom,1951,
318,Forbidden Games,false,http://www.netflix.com/Movie/Forbidden_Games/60010364,René Clément,France,1952,
319,The Bad Sleep Well,false,http://www.netflix.com/Movie/The_Bad_Sleep_Well/70044128,Akira Kurosawa,Japan,1960,
320,Young Mr. Lincoln,false,http://www.netflix.com/Movie/Young_Mr._Lincoln/60011608,John Ford,United States,1939,
321,The Virgin Spring,true,http://www.netflix.com/Movie/The_Virgin_Spring/60011418,Ingmar Bergman,Sweden,1960,
322,The Complete Mr. Arkadin: The Comprehensive Version,false,http://www.netflix.com/Movie/Mr._Arkadin_The_Comprehensive_Version/70046967,Orson Welles,United States,1955,
322,The Complete Mr. Arkadin: The Confidential Report Version,true,http://www.netflix.com/Movie/Mr._Arkadin_The_Confidential_Report_Version/70046966,Orson Welles,United States,1956,
322,The Complete Mr. Arkadin: The Corinth Version,false,http://www.netflix.com/Movie/Mr._Arkadin_The_Corinth_Version/70046965,Orson Welles,United States,1957,
323,The Children Are Watching Us,false,http://www.netflix.com/Movie/The_Children_Are_Watching_Us/70044124,Vittorio De Sica,Italy,1944,
324,La Bête humaine,true,http://www.netflix.com/Movie/La_Bete_Humaine/70012503,Jean Renoir,France,1938,
325,Kind Hearts and Coronets,false,http://www.netflix.com/Movie/Kind_Hearts_and_Coronets/60029972,Robert Hamer,United Kingdom,1949,
326,Metropolitan,true,http://www.netflix.com/Movie/Metropolitan/60010649,Whit Stillman,United States,1990,
327,3 Films by Louis Malle,,,,,,
,,,,Louis Malle,France,,
328,Murmur of the Heart,true,http://www.netflix.com/Movie/Murmur_of_the_Heart/60010684,Louis Malle,France,1972,327
329,"Lacombe, Lucien",false,http://www.netflix.com/Movie/Lacombe_Lucien/60010566,Louis Malle,France,1974,327
330,Au revoir les enfants,true,http://www.netflix.com/Movie/Au_Revoir_Les_Enfants/60035017,Louis Malle,France,1987,327
331,Late Spring,true,http://www.netflix.com/Movie/Late_Spring/70048121,Yasujiro Ozu,Japan,1949,
332,Viridiana,false,http://www.netflix.com/Movie/Viridiana/70043737,Luis Buñuel,Spain,1961,
333,Fists in the Pocket,false,http://www.netflix.com/Movie/Fists_in_the_Pocket/70045351,Marco Bellocchio,Italy,1965,
334,Harlan County USA,true,http://www.netflix.com/Movie/Harlan_County_U.S.A./60027989,Barbara Kopple,United States,1976,
335,Elevator to the Gallows,true,http://www.netflix.com/Movie/Elevator_to_the_Gallows/70047266,Louis Malle,France,1957,
336,Dazed and Confused,false,http://www.netflix.com/Movie/Dazed_and_Confused/70003553,Richard Linklater,United States,1993,
337,À nos amours,true,http://www.netflix.com/Movie/A_Nos_Amours/70049178,Maurice Pialat,France,1983,
338,Equinox,false,http://www.netflix.com/Movie/Equinox/60034979,Jack Woods,United States,1970,
339,Yi Yi,false,http://www.netflix.com/Movie/Yi_Yi/60003452,Edward Yang,Taiwan,2000,
340,Koko: A Talking Gorilla,false,http://www.netflix.com/Movie/Koko_A_Talking_Gorilla/70050454,Barbet Schroeder,France,1978,
341,A Canterbury Tale,false,http://www.netflix.com/Movie/A_Canterbury_Tale/70051160,Michael Powell…,United Kingdom,1944,
342,Six Moral Tales,,,,,,
,,,,Eric Rohmer,France,1963,
343,The Bakery Girl of Monceau,false,http://www.netflix.com/Movie/The_Bakery_Girl_of_Monceau/70052653,Eric Rohmer,France,1963,342
344,Suzanne's Career,false,http://www.netflix.com/Movie/Suzanne_s_Career/70052654,Eric Rohmer,France,1963,342
345,My Night at Maud's,false,http://www.netflix.com/Movie/My_Night_at_Maud_s/70052655,Eric Rohmer,France,1969,342
346,La Collectionneuse,false,http://www.netflix.com/Movie/La_Collectionneuse/70052656,Eric Rohmer,France,1967,342
347,Claire's Knee,false,http://www.netflix.com/Movie/Claire_s_Knee/70052657,Eric Rohmer,France,1970,342
348,Love in the Afternoon,false,http://www.netflix.com/Movie/Love_in_the_Afternoon/70052658,Eric Rohmer,France,1972,342
349,Kicking and Screaming,true,http://www.netflix.com/Movie/Kicking_and_Screaming/70052286,Noah Baumbach,United States,1995,
350,Seduced and Abandoned,false,http://www.netflix.com/Movie/Seduced_and_Abandoned/70052287,Pietro Germi,Italy,1964,
351,The Spirit of the Beehive,true,http://www.netflix.com/Movie/The_Spirit_of_the_Beehive/70053552,Víctor Erice,Spain,1973,
352,Jigoku,false,http://www.netflix.com/Movie/Jigoku/70053550,Nobuo Nakagawa,Japan,1960,
353,Sólo con tu pareja,true,http://www.netflix.com/Movie/Solo_Con_Tu_Pareja/70055221,Alfonso Cuarón,Mexico,1991,
354,"Clean, Shaven",false,http://www.netflix.com/Movie/Clean_Shaven/22684197,Lodge Kerrigan,United States,1994,
355,Hands Over the City,false,http://www.netflix.com/Movie/Hands_Over_the_City/70055434,Francesco Rosi,Italy,1963,
356,Sweetie,false,http://www.netflix.com/Movie/Sweetie/60035027,Jane Campion,New Zealand,1989,
357,The Fallen Idol,false,http://www.netflix.com/Movie/The_Fallen_Idol/60011122,Carol Reed,United Kingdom,1948,
358,Pandora’s Box,true,http://www.netflix.com/Movie/Pandora_s_Box/60000670,Georg Wilhelm Pabst,Germany,1929,
359,The Double Life of Véronique,false,http://www.netflix.com/Movie/The_Double_Life_of_Veronique/70056907,Krzysztof Kieslowski,France,1991,
360,Symbiopsychotaxiplasm,false,http://www.netflix.com/Movie/Symbiopsychotaxiplasm_Take_One/70057638,William Greaves,United States,1968,
361,The Beales of Grey Gardens,false,http://www.netflix.com/Movie/The_Beales_of_Grey_Gardens/70057632,Albert Maysles…,United States,2006,
362,Border Radio,false,http://www.netflix.com/Movie/Border_Radio/70059426,Allison Anders…,United States,1987,
363,Mouchette,false,http://www.netflix.com/Movie/Mouchette/70034660,Robert Bresson,France,1967,
364,Monsters and Madmen,,,,,,
,,,,,United States,,
365,The Atomic Submarine,false,http://www.netflix.com/Movie/Atomic_Submarine/266766,Spencer G. Bennet,United States,1959,364
366,First Man Into Space,false,http://www.netflix.com/Movie/First_Man_Into_Space/505878,Robert Day,United States,1959,364
367,The Haunted Strangler,false,http://www.netflix.com/Movie/The_Haunted_Strangler/575586,Robert Day,United States,1958,364
368,Corridors of Blood,false,http://www.netflix.com/Movie/Corridors_of_Blood/398771,Robert Day,United States,1959,364
369,Paul Robeson: Portraits of the Artist,true,http://www.netflix.com/Search,,United States,,
374,Bicycle Thieves,false,,Vittorio De Sica,Italy,1948,
375,Green for Danger,true,http://www.netflix.com/Movie/Green_for_Danger/70061040,Sidney Gilliat,United Kingdom,1946,
376,49th Parallel,true,http://www.netflix.com/Movie/49th_Parallel/70061255,Michael Powell,United Kingdom,1941,
377,When a Woman Ascends the Stairs,false,http://www.netflix.com/Movie/When_a_Woman_Ascends_the_Stairs/70063286,Mikio Naruse,Japan,1960,
378,Fires on the Plain,false,http://www.netflix.com/Movie/Fires_on_the_Plain/70061479,Kon Ichikawa,Japan,1959,
379,The Burmese Harp,false,http://www.netflix.com/Movie/The_Burmese_Harp/70061493,Kon Ichikawa,Japan,1956,
380,The Naked City,false,http://www.netflix.com/Movie/The_Naked_City/60011267,Jules Dassin,United States,1948,
381,La Haine,false,http://www.netflix.com/Movie/La_Haine/70007071,Mathieu Kassovitz,France,1995,
382,Overlord,true,http://www.netflix.com/Movie/Overlord/70008899,Stuart Cooper,United Kingdom,1975,
383,Brute Force,false,http://www.netflix.com/Movie/Brute_Force/336044,Jules Dassin,United States,1947,
384,Vengeance Is Mine,false,http://www.netflix.com/Movie/Vengeance_Is_Mine/70067850,Shohei Imamura,Japan,1979,
385,Army of Shadows,false,http://www.netflix.com/Movie/Army_of_Shadows/70067848,Jean-Pierre Melville,France,1969,
386,Sansho the Bailiff,false,http://www.netflix.com/Movie/Sansho_the_Bailiff/70067923,Kenji Mizoguchi,Japan,1954,
387,La Jetée,true,http://www.netflix.com/Movie/La_jetee/70128396,Chris Marker,France,1961,
387,La Jetée / Sans Soleil,false,http://www.netflix.com/Movie/La_Jetee_Sans_Soleil/70007072,Chris Marker,France,1963,
388,The Two of Us,false,http://www.netflix.com/Movie/The_Two_of_Us/70068715,Claude Berri,France,1967,
389,WR: Mysteries of the Organism,false,,Dušan Makavejev,Yugoslavia,1971,
390,Sweet Movie,false,http://www.netflix.com/Movie/Sweet_Movie/70070127,Dušan Makavejev,France,1974,
391,If....,false,http://www.netflix.com/Movie/If.../70042303,Lindsay Anderson,United Kingdom,1968,
392,Three Films by Hiroshi Teshigahara,,,,,,
,,,,Hiroshi Teshigahara,Japan,,
393,Pitfall,false,http://www.netflix.com/Movie/Pitfall/70070306,Hiroshi Teshigahara,Japan,1962,392
394,Woman in the Dunes,false,http://www.netflix.com/Movie/Woman_in_the_Dunes/70003088,Hiroshi Teshigahara,Japan,1964,392
395,The Face of Another,false,http://www.netflix.com/Movie/The_Face_of_Another/70070304,Hiroshi Teshigahara,Japan,1966,392
396,Ace in the Hole,false,http://www.netflix.com/Movie/Ace_in_the_Hole/70071907,Billy Wilder,United States,1951,
397,Ivan’s Childhood,false,http://www.netflix.com/Movie/Ivan_s_Childhood/70008542,Andrei Tarkovsky,Soviet Union,1962,
398,Les enfants terribles,false,http://www.netflix.com/Movie/Les_Enfants_Terribles/70013689,Jean-Pierre Melville,France,1950,
399,House of Games,false,http://www.netflix.com/Movie/House_of_Games/60003222,David Mamet,United States,1987,
400,Stranger Than Paradise,false,http://www.netflix.com/Movie/Stranger_than_Paradise/70075715,Jim Jarmusch,United States,1984,
401,Night on Earth,false,http://www.netflix.com/Movie/Night_on_Earth/70074420,Jim Jarmusch,United States,1991,
402,The Milky Way,false,http://www.netflix.com/Movie/The_Milky_Way/70074905,Luis Buñuel,France,1969,
403,Cría cuervos . . . ,true,http://www.netflix.com/Movie/Cria_Cuervos/70060407,Carlos Saura,Spain,1976,
404,Robinson Crusoe on Mars,false,http://www.netflix.com/Movie/Robinson_Crusoe_on_Mars/70075919,Byron Haskin,United States,1964,
405,The 3 Penny Opera,false,http://www.netflix.com/Movie/The_3_Penny_Opera/70076712,Georg Wilhelm Pabst,Germany,1931,
406,Martha Graham: Dance on Film,false,http://www.netflix.com/Movie/Martha_Graham_An_American_Original_in_Performance/70022667,Nathan Kroll,United States,1959,
407,Mala Noche,true,http://www.netflix.com/Movie/Mala_Noche/70077960,Gus Van Sant,United States,1985,
408,Breathless,true,http://www.netflix.com/Movie/Breathless/60021383,Jean-Luc Godard,France,1960,
409,Days of Heaven,false,http://www.netflix.com/Movie/Days_of_Heaven/425166,Terrence Malick,United States,1978,
410,Under the Volcano,false,http://www.netflix.com/Movie/Under_the_Volcano/60011512,John Huston,United States,1984,
411,Berlin Alexanderplatz,false,http://www.netflix.com/Movie/Berlin_Alexanderplatz/70034662,Rainer Werner Fassbinder,Germany,1980,
412,Sawdust and Tinsel,false,http://www.netflix.com/Movie/Sawdust_and_Tinsel/70081675,Ingmar Bergman,Sweden,1953,
413,Drunken Angel,false,http://www.netflix.com/Movie/Drunken_Angel/70021008,Akira Kurosawa,Japan,1948,
414,Two-Lane Blacktop,false,http://www.netflix.com/Movie/Two-Lane_Blacktop/1074742,Monte Hellman,United States,1971,
415,The Naked Prey,false,http://www.netflix.com/Movie/The_Naked_Prey/60011268,Cornel Wilde,United States,1966,
416,Miss Julie,false,http://www.netflix.com/Movie/Miss_Julie/70042284,Alf Sjöberg,Sweden,1951,
417,This Sporting Life,true,http://www.netflix.com/Movie/This_Sporting_Life/1040789,Lindsay Anderson,United Kingdom,1963,
418,4 by Agnès Varda,,,,,,
,,,,Agnès Varda,France,,
419,La Pointe Courte,false,http://www.netflix.com/Movie/La_Pointe_Courte/70089475,Agnès Varda,France,1956,418
419,Cleo From 5 to 7,true,http://www.netflix.com/Movie/Cleo_from_5_to_7/28630923,Agnès Varda,France,1962,418
420,Le Bonheur,false,http://www.netflix.com/Movie/Le_Bonheur/70089476,Agnès Varda,France,1965,418
420,Vagabond,false,http://www.netflix.com/Movie/Vagabond/1084996,Agnès Varda,France,1985,418
421,Pierrot le fou,true,http://www.netflix.com/Movie/Pierrot_Le_Fou/60031771,Jean-Luc Godard,France,1965,
422,The Last Emperor,true,http://www.netflix.com/Movie/The_Last_Emperor/70089029,Bernardo Bertolucci,China,1987,
423,Walker,false,http://www.netflix.com/Movie/Walker/70086141,Alex Cox,United States,1987,
424,Mafioso,false,http://www.netflix.com/Movie/Mafioso/70060443,Alberto Lattuada,Italy,1962,
425,Antonio Gaudí,false,http://www.netflix.com/Movie/Antonio_Gaudi/70095684,Hiroshi Teshigahara,Japan,1984,
426,The Ice Storm,false,http://www.netflix.com/Movie/The_Ice_Storm/60004281,Ang Lee,United States,1997,
427,Death of a Cyclist,false,http://www.netflix.com/Movie/Death_of_a_Cyclist/70091539,Juan Antonio Bardem,Spain,1955,
428,Blast of Silence,false,http://www.netflix.com/Movie/Blast_of_Silence/70091559,Allen Baron,United States,1961,
429,The Lovers,false,http://www.netflix.com/Movie/The_Lovers/70095253,Louis Malle,France,1958,
430,The Fire Within,false,http://www.netflix.com/Movie/The_Fire_Within/70095252,Louis Malle,France,1963,
431,The Thief of Bagdad,true,http://www.netflix.com/Movie/The_Thief_of_Bagdad/70097993,Ludwig Berger…,United Kingdom,1940,
432,Mishima: A Life in Four Chapters,true,http://www.netflix.com/Movie/Mishima_A_Life_in_Four_Chapters/60020630,Paul Schrader,United States,1985,
433,Patriotism,false,http://www.netflix.com/Movie/Patriotism/70102521,Yukio Mishima…,Japan,1966,
434,Classe tous risques,false,http://www.netflix.com/Movie/Classe_Tous_Risques/70098926,Claude Sautet,France,1960,
435,The Furies,false,http://www.netflix.com/Movie/The_Furies/60011141,Anthony Mann,United States,1950,
436,Before the Rain,false,http://www.netflix.com/Movie/Before_the_Rain/60010129,Milcho Manchevski,Macedonia,1994,
437,Vampyr,true,http://www.netflix.com/Movie/Vampyr/70109484,Carl Th. Dreyer,Denmark,1932,
438,Mon oncle Antoine,false,http://www.netflix.com/Movie/Mon_Oncle_Antoine/60020197,Claude Jutra,Canada,1971,
439,Trafic,false,http://www.netflix.com/Movie/Trafic/70100295,Jacques Tati,France,1971,
440,Brand upon the Brain!,false,http://www.netflix.com/Movie/Brand_Upon_the_Brain/70075032,Guy Maddin,United States,2006,
441,The Small Back Room,false,http://www.netflix.com/Movie/The_Small_Back_Room/70004226,Michael Powell…,United Kingdom,1949,
442,Twenty-four Eyes,false,http://www.netflix.com/Movie/Twenty-Four_Eyes/70105681,Keisuke Kinoshita,Japan,1954,
443,La ronde,false,http://www.netflix.com/Movie/La_Ronde/60010562,Max Ophuls,France,1950,
444,Le plaisir,false,http://www.netflix.com/Movie/Le_Plaisir/60010584,Max Ophuls,France,1952,
445,The Earrings of Madame de . . . ,true,http://www.netflix.com/Movie/The_Earrings_of_Madame_de.../60011106,Max Ophuls,France,1953,
446,An Autumn Afternoon,false,http://www.netflix.com/Movie/An_Autumn_Afternoon/70104401,Yasujiro Ozu,Japan,1962,
447,Le doulos,false,http://www.netflix.com/Movie/Le_Doulos/70104943,Jean-Pierre Melville,France,1962,
448,Le deuxième souffle,false,http://www.netflix.com/Movie/Le_Deuxieme_Souffle/70104944,Jean-Pierre Melville,France,1966,
449,Missing,true,http://www.netflix.com/Movie/Missing/60010657,Costa-Gavras,United States,1982,
450,Bottle Rocket,false,http://www.netflix.com/Movie/Bottle_Rocket/326401,Wes Anderson,United States,1996,
451,Fanfan la Tulipe,false,http://www.netflix.com/Movie/Fanfan_la_Tulipe/70108301,Christian-Jaque,France,1952,
452,The Spy Who Came in from the Cold,false,http://www.netflix.com/Movie/The_Spy_Who_Came_In_from_the_Cold/70000619,Martin Ritt,United States,1965,
453,Chungking Express,false,http://www.netflix.com/Movie/Chungking_Express/60000632,Wong Kar-wai,Hong Kong,1994,
454,Europa,true,http://www.netflix.com/Movie/Europa/70108738,Lars von Trier,Denmark,1991,
455,White Dog,false,http://www.netflix.com/Movie/White_Dog/70108727,Samuel Fuller,United States,1982,
456,The Taking of Power by Louis XIV,false,http://www.netflix.com/Movie/The_Taking_of_Power_by_Louis_XIV/70111720,Roberto Rossellini,Italy,1966,
457,Magnificent Obsession,false,http://www.netflix.com/Movie/Magnificent_Obsession/70111737,Douglas Sirk,United States,1954,
458,El Norte,false,http://www.netflix.com/Movie/El_Norte/70111735,Gregory Nava,United States,1983,
459,The Exterminating Angel,false,http://www.netflix.com/Movie/The_Exterminating_Angel/70111745,Luis Buñuel,Mexico,1962,
460,Simon of the Desert,false,http://www.netflix.com/Movie/Simon_of_the_Desert/70111601,Luis Buñuel,Mexico,1965,
461,Hobson's Choice,false,http://www.netflix.com/Movie/Hobson_s_Choice/70042305,David Lean,United Kingdom,1954,
462,The Last Metro,false,http://www.netflix.com/Movie/The_Last_Metro/70117083,François Truffaut,France,1980,
463,Il Generale Della Rovere,false,http://www.netflix.com/Movie/Il_Generale_Della_Rovere/70115176,Roberto Rossellini,Italy,1959,
464,Danton,false,http://www.netflix.com/Movie/Danton/70042325,Andrzej Wajda,France,1983,
465,Dodes’ka-den,false,http://www.netflix.com/Movie/Dodes_ka-Den/70114784,Akira Kurosawa,Japan,1970,
466,In the Realm of the Senses,false,http://www.netflix.com/Movie/In_the_Realm_of_the_Senses/70116706,Nagisa Oshima,Japan,1976,
467,Empire of Passion,false,http://www.netflix.com/Movie/Empire_of_Passion/70116593,Nagisa Oshima,Japan,1978,
468,Science Is Fiction: 23 Films by Jean Painlevé,false,http://www.netflix.com/Movie/Science_Is_Fiction_23_Films_by_Jean_Painleve/70115333,Jean Painlevé,France,,
469,The Hit,false,http://www.netflix.com/Movie/The_Hit/70116594,Stephen Frears,United Kingdom,1984,
470,Wise Blood,,http://www.netflix.com/Movie/Wise_Blood/70117805,John Huston,United States,1979,
471,"Pigs, Pimps & Prostitutes: 3 Films by Shohei Imamura",,,,,,
,,,,Shohei Imamura,Japan,,
472,Pigs and Battleships,false,http://www.netflix.com/Movie/Pigs_and_Battleships/70117957,Shohei Imamura,Japan,1962,471
473,The Insect Woman,false,http://www.netflix.com/Movie/The_Insect_Woman/70117958,Shohei Imamura,Japan,1963,471
474,Intentions of Murder,false,http://www.netflix.com/Movie/Intentions_of_Murder/70117959,Shohei Imamura,Japan,1964,471
475,The Friends of Eddie Coyle,false,http://www.netflix.com/Movie/The_Friends_of_Eddie_Coyle/70117956,Peter Yates,,1973,
476,The Curious Case of Benjamin Button,false,http://www.netflix.com/Movie/The_Curious_Case_of_Benjamin_Button/70100380,David Fincher,United States,2008,
477,Bergman Island,false,http://www.netflix.com/Movie/Bergman_Island/70059030,Marie Nyreröd,Sweden,2006,
478,Last Year at Marienbad,false,http://www.netflix.com/Movie/Last_Year_at_Marienbad/60035927,Alain Resnais,France,1961,
479,My Dinner with André,false,http://www.netflix.com/Movie/My_Dinner_with_Andre/70118966,Louis Malle,United States,1981,
480,The Human Condition,false,http://www.netflix.com/Movie/The_Human_Condition/70120615,Masaki Kobayashi,Japan,1959,
481,Made in U.S.A,false,http://www.netflix.com/Movie/Made_in_U.S.A./70119187,Jean-Luc Godard,France,1966,
482,2 or 3 Things I Know About Her,false,http://www.netflix.com/Movie/2_or_3_Things_I_Know_About_Her/70120234,Jean-Luc Godard,France,1967,
483,Repulsion,false,http://www.netflix.com/Movie/Repulsion/70120315,Roman Polanski,United Kingdom,1965,
484,"Jeanne Dielman, 23, Quai du Commerce, 1080 Bruxelles",true,http://www.netflix.com/Movie/Jeanne_Dielman_23_Quai_du_Commerce_1080_Bruxelles/70113670,Chantal Akerman,Belgium,1975,
485,The Last Days of Disco,false,http://www.netflix.com/Movie/The_Last_Days_of_Disco/11819630,Whit Stillman,United States,1998,
486,Homicide,false,http://www.netflix.com/Movie/Homicide/60034969,David Mamet,United States,1991,
487,That Hamilton Woman,true,http://www.netflix.com/Movie/That_Hamilton_Woman/60010985,Alexander Korda,United Kingdom,1941,
488,Howards End,false,http://www.netflix.com/Movie/Howards_End/70124682,James Ivory,United Kingdom,1992,
489,Monsoon Wedding ,true,http://www.netflix.com/Movie/Monsoon_Wedding/60022269,Mira Nair,India,2001,
490,Wings of Desire,true,http://www.netflix.com/Movie/Wings_of_Desire/70124578,Wim Wenders,Germany,1987,
491,Z,true,http://www.netflix.com/Movie/Z/70124581,Costa-Gavras,France,1969,
492,A Christmas Tale,false,http://www.netflix.com/Movie/A_Christmas_Tale/70105783,Arnaud Desplechin,France,2008,
493,Gomorrah,true,http://www.netflix.com/Movie/Gomorrah/70100401,Matteo Garrone,Italy,2008,
494,Downhill Racer,false,http://www.netflix.com/Movie/Downhill_Racer/70042321,Michael Ritchie,United States,1969,
495,The Golden Age of Television,false,http://www.netflix.com/Movie/The_Golden_Age_of_Television/70125893,,United States,,
496,Che,true,http://www.netflix.com/Movie/Che/70100399,Steven Soderbergh,United States,2008,
500,Roberto Rossellini’s War Trilogy,,,,,,
,,,,Roberto Rossellini,Italy,,
500,Rome Open City,true,http://www.netflix.com/Movie/Rome_Open_City/70128031,Roberto Rossellini,Italy,1945,500
500,Paisan,false,http://www.netflix.com/Movie/Paisan/60010762,Roberto Rossellini,Italy,1946,500
500,Germany Year Zero,false,http://www.netflix.com/Movie/Germany_Year_Zero/70130330,Roberto Rossellini,Italy,1948,500
501,"Paris, Texas",true,http://www.netflix.com/Movie/Paris_Texas/70128012,Wim Wenders,Germany,1984,
502,Revanche,true,http://www.netflix.com/Movie/Revanche/70108553,Götz Spielmann,Austria,2008,
503,Lola Montès,true,http://www.netflix.com/Movie/Lola_Montes/70129120,Max Ophuls,France,1955,
504,Hunger,false,http://www.netflix.com/Movie/Hunger/70108808,Steve McQueen,United Kingdom,2008,
505,Make Way for Tomorrow ,false,http://www.netflix.com/Movie/Make_Way_for_Tomorrow/70128674,Leo McCarey,United States,1937,
506,Dillinger Is Dead,false,http://www.netflix.com/Movie/Dillinger_Is_Dead/70128223,Marco Ferreri,Italy,1969,
507,Bigger Than Life,false,http://www.netflix.com/Movie/Bigger_Than_Life/70129586,Nicholas Ray,United States,1956,
508,Letters from Fontainhas: Three Films by Pedro Costa,,,,,,
,,,,Pedro Costa,Portugal,,
509,Ossos,false,http://www.netflix.com/Movie/Ossos/70129587,Pedro Costa,Portugal,1997,508
510,In Vanda's Room,false,http://www.netflix.com/Movie/In_Vanda_s_Room/70129588,Pedro Costa,Portugal,2000,508
511,Colossal Youth,false,http://www.netflix.com/Movie/Colossal_Youth/70129590,Pedro Costa,Portugal,2006,508
512,Vivre sa vie,false,http://www.netflix.com/Movie/Vivre_Sa_Vie/70132574,Jean-Luc Godard,France,1962,
513,Summer Hours,true,http://www.netflix.com/Movie/Summer_Hours/70095141,Olivier Assayas,France,2008,
514,Ride with the Devil,false,http://www.netflix.com/Movie/Ride_with_the_Devil/60000490,Ang Lee,United States,1999,
515,The Fugitive Kind,false,http://www.netflix.com/Movie/The_Fugitive_Kind/70040967,Sidney Lumet,United States,1960,
516,Stagecoach,true,http://www.netflix.com/Movie/Stagecoach/994286,John Ford,United States,1939,
517,"By Brakhage: An Anthology, Volume Two",false,http://www.netflix.com/Movie/By_Brakhage_An_Anthology_Vol._2/70135300,Stan Brakhage,United States,,
519,Close-up,false,http://www.netflix.com/Movie/Close_Up/70029168,Abbas Kiarostami,Iran,1990,
520,Everlasting Moments,false,http://www.netflix.com/Movie/Everlasting_Moments/70108183,Jan Troell,Sweden,2008,
521,Mystery Train,false,http://www.netflix.com/Movie/Mystery_Train/789528,Jim Jarmusch,United States,1989,
522,Red Desert,false,http://movies.netflix.com/WiMovie/Red-Desert/70137008,Michelangelo Antonioni,Italy,1964,
523,Night Train to Munich,false,http://www.netflix.com/Movie/Night_Train_to_Munich/60010714,Carol Reed,United Kingdom,1940,
524,,,,,,,
525,,,,,,,
526,,,,,,,
527,The Secret of the Grain ,,,Abdellatif Kechiche ,France ,2007,
528,3 Silent Classics by Josef von Sternberg ,,,Josef von Sternberg ,United States ,,
529,,,,,,,
530,,,,,,,
531,,,,,,,
532,Louie Bluie ,,http://movies.netflix.com/WiMovie/Louie-Bluie/70140866,Terry Zwigoff ,United States ,1985,
533,Crumb ,,http://movies.netflix.com/WiMovie/Crumb/409447,Terry Zwigoff ,United States ,1995,
534,L'enfance nue ,,http://movies.netflix.com/WiMovie/L-enfance-Nue/70140867,Maurice Pialat ,France ,1968,
535,Merry Christmas Mr. Lawrence ,,http://movies.netflix.com/WiMovie/Merry-Christmas-Mr.-Lawrence/70142067,Nagisa Oshima ,Japan ,1983,
536,The Thin Red Line ,true,http://movies.netflix.com/WiMovie/The-Thin-Red-Line/18171134,Terrence Malick ,United States ,1998,
537,The Magician ,,http://movies.netflix.com/WiMovie/The-Magician/70007286,Ingmar Bergman ,Sweden ,1958,
538,Paths of Glory ,true,http://movies.netflix.com/WiMovie/Paths-of-Glory/845807,Stanley Kubrick ,United States ,1957,
539,House ,,http://movies.netflix.com/WiMovie/House/70131178,Nobuhiko Obayashi ,Japan ,1977,
540,The Darjeeling Limited ,,http://movies.netflix.com/WiMovie/The-Darjeeling-Limited/70075312,Wes Anderson ,United States ,2007,
541,The Night of the Hunter ,,http://movies.netflix.com/WiMovie/The-Night-of-the-Hunter/804679,Charles Laughton ,United States ,1955,
542,Antichrist ,true,http://movies.netflix.com/WiMovie/Antichrist/70117549,Lars von Trier ,Denmark ,2009,
543,Modern Times ,,http://movies.netflix.com/WiMovie/Modern-Times/60028129,Charlie Chaplin ,United States ,1936,
544,,,,,,,
545,,,,,,,
546,,,,,,,
547,,,,,,,
548,,,,,,,
549,,,,,,,
550,,,,,,,
551,Cronos ,,http://movies.netflix.com/WiMovie/Cronos/70154855,Guillermo del Toro ,Mexico ,1993,
552,Broadcast News ,true,http://movies.netflix.com/WiMovie/Broadcast-News/333377,James L. Brooks ,United States ,1987,
553,Fish Tank ,,http://movies.netflix.com/WiMovie/Fish-Tank/70118769,Andrea Arnold ,United Kingdom ,2009,
554,Still Walking ,true,http://movies.netflix.com/WiMovie/Still-Walking/70109146,Hirokazu Kore-eda ,Japan ,2008,
555,Sweet Smell of Success ,,http://movies.netflix.com/WiMovie/Sweet-Smell-of-Success/60020641,Alexander Mackendrick ,United States ,1957,
556,Senso ,,,Luchino Visconti ,Italy ,1954,
557,,,,,,,
558,,,,,,,
559,,,,,,,
560,,,,,,,
561,,,,,,,
562,,,,,,,
563,,,,,,,
564,,,,,,,
565,,,,,,,
566,,,,,,,
567,,,,,,,
568,,,,,,,
569,,,,,,,
570,,,,,,,
571,,,,,,,
572,,,,,,,
573,,,,,,,
574,,,,,,,
575,,,,,,,
576,,,,,,,
577,,,,,,,
578,,,,,,,
579,,,,,,,
580,,,,,,,
581,,,,,,,
582,,,,,,,
583,,,,,,,
584,,,,,,,
585,,,,,,,
586,,,,,,,
587,,,,,,,
588,,,,,,,
589,,,,,,,
590,,,,,,,
591,,,,,,,
592,,,,,,,
593,,,,,,,
594,,,,,,,
595,,,,,,,
596,,,,,,,
597,,,,,,,
598,,,,,,,
599,,,,,,,
600,,,,,,,
