tags,Favorit,Name,Angebot,Ort,Kinder,Essen,Bahn,zu Fuß,Einkauf,Sport,Natur,Kultur,beiRegen,Kombination Definition,Fahrrad,Entfernung,Anfahrt,Fahrzeit,RoutenLänge,Dauer,Öffnungszeit,Anmerkung,Tel,Kombination,unser Link,externer Link,Route,Preise,Straße,Anmeldung,Quelle,Datum Eintrag,Verkehrsmittel,Kombination Key,Beispiel
arzt,5,Apotheke,,Bodenwöhr,,,,true,true,,,,,,5,2,wie Supermarkt,,,,,,,,,,,,,,,27/05/2009,,,true
,5,Wildgarten & Unterwasserbeobachtungsstation,Biotop Unterwasserbeobachtungsstation,Furth,5,,true,,,,true,true,,,1,56,"B85 Cham Ri Pilsen; in Furth Richtung Kötzting (nordöstlicher Stadtrand) links abbiegen zu Polizei, Campingplatz, Wildgarten",45min,,,"ganzjährig, sonnenauf bis untergang;",Anreise mit der Bahn: Vorbei an Freibad und Campingplatz,09973 2933 Ulrich Stöckerl,"Gleissenried ""Höhenweg"" am Ortsende Richtung Waldm",http://www.campingweichselbrunn.de/de/ausflugsziele/wildgarten.html,http://www.wild-garten.de/,"http://maps.google.com/maps?f=d&source=s_d&saddr=Bodenw%C3%B6hr+Ludwigsheide+50&daddr=Waldm%C3%BCnchen,+Deutschland+to:Furth+im+Wald,+Deutschland&hl=de&geocode=FZ7n7wId_q67ACkFv36tK_GfRzEA2aInKxFGow%3BFXl08QIdMuTBACkVyFUYoasKRzEQzzcJpCUdBA%3BFVNc8AIdJQHEACnF6QR_trIKRzGjSmIdsDuT9w&sll=49.292889,12.572479&sspn=0.279889,0.599442&mra=ls&ie=UTF8&ll=49.326017,12.572479&spn=0.279701,0.599442&z=11",,Dabergerstr. ?,,,25/05/2009,,Kfurth,true
,5,Steiner Hof Kraus Max und Sabine,Bauernbrot aus dem Holzofen,Bruck Hinterrandsberg,3,true,,true,true,,,,,,4,2,,,,,"Fr, Sa 13 +15 Uhr","sehr gutes Brot, rustikaler Einkauf",09434/1253,,,,"Steiner Hof Hinterrandsberg (http://maps.google.com/maps?saddr=Camping+Weichselbrunn,+Ludwigsheide,+Bodenw%C3%B6hr,+Deutschland&daddr=Hinterrandsberg&hl=de&ie=UTF8&sll=49.269933,12.306018&sspn=0.016409,0.030985&geocode=FX7l7wIdOLG7ACHwApW4M9oeHQ%3BFai17wIdnte7AA&mra=dme&mrsp=1&sz=15&dirflg=w&t=h&z=15)",,Hinterrandsberg,,,21/06/2011,,,
museum,5,Freilandmuseum Neusath-Perschen (nicht Bauernmuseum Perschen!),"großes Freigelände, Alte Bauernhöfe und Mühlen, Ökologie",Perschen bei Nabburg,4,false,,,,,true,true,,,,,"Autobahn Schwandorf / Weiden, Ausfahrt Nabburg",ca. 30 - 45 min,,,April-Ende Oktober,Gastwirtschaft mit Garten am TeichBauernmuseum Perschen kann mit derselben Eintrittskarte besucht werden,,,,,,,,,,01/01/2000,Auto,,true
radtour,5,Fahrradweg ehemalige Bahnstrecke,Kombination,Neunburg Penting Kröblitz,5,,,,,true,true,,,true,5,,,,,,,,,,,,,,,,,28/05/2009,,Kradneun,true
stadt,5,Regensburg Stadtbummel,"Altstadt, Dom, Steinerne Brücke, Weltkulturerbe, Bratwurstkuchel, Dampfnudel-Ulli, Arkaden- und Donau-Einkaufszentrum",Regensburg,3,true,true,,true,,,true,true,,3,40,Auto durch Regental über Nittenau (schön) oder Autobahn (schnell) oder Bahn im Stundentakt - auch Fahrrad im Zug möglich,,,,,,:,,http://www.campingweichselbrunn.de/de/ausflugsziele/regensburg-statt-florenz-2.html,,,,,,,25/05/2009,,,true
wanderung,5,Rechenquelle,Trinkwasser aus der Quelle direkt am Rundweg Weichselbrunner Weiher,Weichselbrunn Weichselbrunner Weiher,5,,,true,,,true,,,,5,1,,,,,,,,,Rechenquelle An der Quelle (http://www.campingweichselbrunn.de/de/aktivitaten/an-der-quelle.html),,,,,,,,,,true
,5,Aumeier,"Massage, Fußpflege, Kosmetik, Wellness",Bodenwöhr,,,,true,,,,,,,5,0,,,,,Nach Vereinbarung,in unserem Familienbadezimmer,,,,,,,,,,,,,true
,5,Laderl,alles zum überleben,Weichselbrunn,5,,,true,true,,,,true,,,0,,,,,jede volle Stunde 15 Minuten - Semmeln ab 7 45 - geschlossen 13-15 Uhr,"unser kleiner Laden bietet Semmeln, Getränke, Eis, und fast alles, was man zum überleben braucht.",,,,,,,,,,,,,
,5,Edeka Aktivmarkt,neuer Supermarkt mit Bäckerei und Metzgerei und Postagentur,Bodenwöhr,3,,,true,true,,,,,,5,1.5,über Ortsmitte mit dem Auto,2,,,7 -20 Uhr auch samstags,,,,,,"http://maps.google.de/maps?f=d&source=s_d&saddr=Ludwigsheide&daddr=49.266705,12.298454&hl=de&geocode=Fb3n7wIdf627AA%3B&mra=dme&mrcr=0&mrsp=1&sz=17&sll=49.268659,12.302628&sspn=0.006399,0.016512&ie=UTF8&t=h&z=17",,Hauptstraße am Ortsbeginn Mögendorf,,,27/05/2009,,,true
wanderung,5,Rundweg Weichselbrunner Weiher 3km,unser schönster und nahester Weg,Weichselbrunn,5,,,true,,false,true,,,,3,0,,0,3,0.5,,unser Pflichtweg wer den nicht geht ist selbst schuld,,,http://maps.google.com/maps/ms?ie=UTF&msa=0&msid=106455949966232946903.00046e8384d6b2648381f,,http://maps.google.com/maps/ms?ie=UTF&msa=0&msid=106455949966232946903.00046e8384d6b2648381f,,,,,28/05/2009,,,true
,5,Gasthof Schiessl Zur Goldenen Eichel,Essen,Bodenwöhr,5,true,,true,,,,,true,,5,1,,,,,Ruhetag Di oder Doß,Pächter Gruber - der Chef kocht selbst und sehr gut,,,,http://www.gasthof-schiessl.de/,"http://maps.google.de/maps?f=d&source=s_d&saddr=Ludwigsheide&daddr=gasthof+schiessl+goldene+eichel+bodenw%C3%B6hr&hl=de&geocode=Fb3n7wIdf627AA%3B&mra=ls&sll=49.272929,12.307048&sspn=0.012796,0.033023&ie=UTF8&ll=49.269793,12.304355&spn=0.006398,0.016512&t=h&z=17",,,,,01/01/2000,,,true
,5,Jacob Brauereigasthof Hotel,"Essen, Seeblick, Frühstück",Bodenwöhr,4,true,,true,,,,,true,,5,1,,,,,kein Ruhetag,,,,,http://www.brauerei-jacob.de/,"http://maps.google.de/maps?f=d&source=s_d&saddr=49.276807,12.299559&daddr=Ludwigsheide+2,+92439+Bodenw%C3%B6hr+(Familienbrauerei+Jacob)&hl=de&geocode=%3BFZjQ7wIdlcK7ACGPmmhaXNQneA&mra=dme&mrcr=0&mrsp=0&sz=16&sll=49.272719,12.307048&sspn=0.013202,0.033023&ie=UTF8&t=h&z=16",,,,,01/01/2000,"Fuß, Fahrrad, Auto",,true
,5,Bulmare,"Bad Erlebnisbad Hallenbad, Massage, Sauna, Wellness",Burglengenfeld,5,false,,,,true,,,true,,4,26,Bruck Teublitz,32,,,ganzjährig,Gruppen ab 10 Personen oder Familienkarte,:,,Bulmare (http://www.campingweichselbrunn.de/de/ausflugsziele/bulmare-erlebnisbad-burglengenfeld-4.html),Wohlfühlbad Bulmare (http://www.bulmare.de/),"Bulmare über Teublitz (http://maps.google.de/maps?f=d&source=s_d&saddr=92439+Ludwigsheide+50&daddr=Teublitz+to:bulmare+wohlf%C3%BChlbad+Burglengenfeld&hl=de&geocode=%3B%3BFYyk7gIdgMq3ACEmansd2vltLw&mra=ls&sll=49.235758,12.172165&sspn=0.181131,0.305214&ie=UTF8&z=12)",4h 7Eur,Im Naabtalpark 44,,,25/05/2009,,,true
,5,Bahnhof Bodenwöhr Nord,Stundentakt nach Schwandorf Regensburg Nürnberg Furth i Wald,Bodenwöhr Blechhammer,4,,true,true,,,,,,,5,2,über schönen Waldweg in 25 Minuten zu Fuß erreichbar,,,,,,,,,,,,,,,29/05/2009,,,true
,5,Waldwipfelpfad,,St. Englmar,5,,,,,,true,true,,,1,60,,,,,,,:,Sommerrodelbahn,,http://www.waldwipfelweg.de/,"http://maps.google.de/maps?saddr=bodenw%C3%B6hr,+ludwigsheide+50&daddr=49.1002306,12.5617457+to:Maibrunn+2a,+94379+Sankt+Englmar&hl=de&ie=UTF8&sll=49.015626,12.783412&sspn=0.011076,0.018668&geocode=FZ7n7wId_q67ACkFv36tK_GfRzEA2aInKxFGow%3BFcY17QIdUa2_ACl1xtyOJll1RzHBpqThoyUdEw%3BFUrr6wIdNA_DAA&gl=de&mra=ls&vpsrc=0&z=11&via=1",,Maibrunn 2a,,,25/05/2009,,,true
"wanderung,radtour",5,Troidl-Wirt,Gastwirtschaft mit kleinem Biergarten,Neuenschwand,5,false,,true,,,,,,,5,3,,,,,Ruhetag Samstag,"kleiner Kinderspielplatz, einfacher Weg durch den Wald für Wanderung oder Fahrrad",,,,,,,,,,26/05/2009,,,true
,5,Schwarzachradweg,Radweg,Neunburg / Rötz,4,true,,,,true,true,,,,5,,,,50,4,,,,,,,,,,,,01/01/2000,,Kradneun,
,5,Flederwisch,,Furth i. Wald,5,,,,,,,true,true,,,,,,,,,,,Wildgarten,,www.drachenschmiede-flederwisch-furth.de,,,,,,01/01/2000,,Kfurth,true
,5,Kanutour auf dem Regen,Bootswanderung,Regen (Fluß),5,,,,,true,true,,,,3,,,,,,,,,,http://www.campingweichselbrunn.de/de/aktivitaten/kanu-2.html,,,,,,,01/01/2000,,,true
,5,Mögendorfer Wirtshaus / Blauer Affe ,Schnitzel und mehr,Mögendorf bei Bodenwöhr,3,true,,true,,,,,,,5,3,,,,,Di Ruhetag; 10-23:55,an der B85,09434 2034747,,,,,,,,,29/05/2009,,,
wanderung,5,Kunst- und Wasser-Weg,der Promenaden-Abschnitt des Uferrundweges,Weichselbrunn,5,,,true,,,true,true,,,3,0,,,1,15,,,,,Bildergalerie Kunst- und Wasser-Weg (http://www.campingweichselbrunn.de/cpg/thumbnails.php?album=16),,,,,,selbst,23/06/2009,,,true
fest,5,Eisenzeit,,Bodenwöhr,3,,,true,,,,true,,,,0.1,,,,,,,,,,,,,,,,19/07/2009,,,
,4,TV Bodenwöhr,"Tennis, 3 Sandplätze","Bodenwöhr Weihersiedlung Sportzentrum, Metzgerei Baumgärtner",,,,true,,true,,,,,5,2,,,,,werktags -17U,Schlüssel bei Metzgerei Baumgärtner oder Touristen Info Rathausplatz,,Wanderung am See,,,,7.50 / h,,s. Anmerkung,,21/07/2009,"Fuß, Rad, Auto",,
radtour,4,Radweg zum Murner See,,Hofenstetten,3,true,,,,,,,,,4,,,,,,,meine Empfehlung- nur das Nordufer der Seen ist schön zu fahren und hat Ausblick - Einkehrmöglichkeit bei Villa Murano am Campingplatz - Parkplatz Murner See oder Hofenstetten Hotel Birkenhof,,,,,,,,,,,,,
burgen,4,"Schwarzenburg, Schwarzwihrberg","Burg, Festspiele (Der Guttensteiner), Aussichtsturm /Prospekt",Rötz,2,,,,,,,,,,3,25,,Gehzeit v. Parkplatz zur Burg: 20 min,,,"Juli: 5,12,13,19,20,28",,09976/9411-0 (Rathaus),,,http://schwarzenburg-festspiele.de/html/der_guttensteiner.html,,,,,,01/01/2000,,,
,4,Waldlehrpfad Postlohe,,,4,,,true,,false,true,true,,,5,,,,,,,,,,,,,,,,,28/05/2009,,,
,4,Eva Ziegler,Massage in physiotherapeutischer Praxis,Bodenwöhr,1,,,true,,,,,true,,,0.3,,,,,,,09434 2705,,,,,,Ludwighseide 39 ,,,19/06/2009,"fuß, fahrrad",,
radtour,4,Fahrradweg Falkenstein Regensburg,ehemalige Bahnstrecke mit leichtem Gefälle - Regensburg ist unten,Regensburg,5,true,,,,true,true,,,,5,20,mit dem Auto z.B. Wenzenbach und dann erst bergauf nach Falkenstein und bergab zurück,,60,5,immer,"Radlbahnhof mit guten Angebot von Essen, Trinken, Kaffee",,,,,,,,,selbst,26/05/2009,,Kmac,
"radtour,wanderung",4,Waldlehrpfad,,Bodenwöhr Postlohe,3,,,true,,,true,,,,5,3,,,15,1.5,,,,,,,,,,,,,,,
,4,Altmühltal,"Kanufahrt, Bootswanderung",Riedenburg,4,,,,,true,true,,,,,,,,,,,,,,,,,,,,,01/01/2000,,,
,4,Birkenhof,"Hotel, Restaurant, Essen",Hofenstetten,2,true,,false,,,,,,,4,8,,10,,,,,,,,,,,,,,01/01/2000,Auto,,
,4,Bio-Mobil,,Weichselbrunn,,,,true,true,,,,,,,0,,,,,Dienstag 10-1 30,,,,,,,,,,,,,,
,4,Kino,Kino 3 Säle nur 10 km entfernt ,Nittenau,4,,,,,,,true,true,,2,10,,10,,,,,,,,http://www.kinocenter-nittenau.de/,,,,,,05/06/2009,,,
fest,4,Bürgerfest,,Bodenwöhr,3,,,true,,,,,,,,1,,,,,einmal jährlich ca. 10. Juli,,,,,,,,,,,19/07/2009,,,true
,4,Irlbacher,Gasthaus Restaurant,Penting bei Neunburg,5,true,,,,,,,,,5,,"Fahrradweg nach Neunburg oder Auto über Taxöldern Pingarten 11,5 oder 10,7 über Stocksried",15,,,Ruhetag Samstag u mo,Schnitzlranch,,,,http://www.irlbacher-penting.de/,"http://maps.google.de/maps?f=d&source=s_d&saddr=92439+ludwigsheide+50&daddr=Am+Fleckacker+4,+92431+Neunburg+(Freiwillige+Feuerwehr+Penting)&hl=de&geocode=%3BCSTDoQLmLhnSFVah8AIdE5q8ACFauritBQ6mLQ&mra=pe&mrcr=0&sll=49.303957,12.33146&sspn=0.079919,0.175095&ie=UTF8&ll=49.307329,12.339191&spn=0.079913,0.175095&z=13",,,,,28/05/2009,,Kradneun,
,4,Hartl,Essen,Taxöldern,4,,,true,,,,,,,5,6,Ludwigsheide,,,,Sa Ruhetag,,,,,,,,,,,01/01/2000,Auto,kradneu,
,4,Turesbach,Weiler bei Taxöldern,Taxöldern,4,,,true,,,true,,,,4,6,Erzhäuser,,15,90,,"wunderschöne Lichtung, Kühe auf Weide, große Fischteiche",,"Radweg Neunburg, Essen bei Hartl",,,,,,,,,,kradneu,
,4,Skikes,Skikes & Stöcke & Schutzausrüstung,Camping Weichselbrunn,3,,,true,,true,false,,,,,0,,,,,,,,,http://www.campingweichselbrunn.de/de/neuigkeiten/skike-39.html,,,,,Rezeption,,28/05/2008,,,
,4,Arber,,bodenmais,4,,,,,,true,,,,,,kötzting > lam oder >bodenmais,,,,,,,,,,,,,,,01/01/2000,,,
,4,Schlossgaststätte,Gasthaus,Kröblitz bei Neunburg,5,true,,,,,,,,,5,,,,,,,,,,,,,,,,,28/05/2009,,Kradneun,
wanderung,4,Naturlehrpfad Schloßberg,Waldwissen und Historie Bodenwöhr,Bodenwöhr,4,,,true,,false,true,true,,,4,0.2,,,5,1.5,,,,,,,,,,,,28/05/2009,,,true
fest,4,Seefest,,Bodenwöhr,3,,,true,,,,,,,,0.2,,,,,einmal jährlich ca. 10. August,,,,,,,,,,,19/07/2009,,,true
,4,Donaudurchbruch,Dampferfahrt Donaudurchbruch bei Weltenburg ab Kehlheim oder Regensburg,Kehlheim,4,,,,,,true,true,,,,,,,,,,,,,http://www.campingweichselbrunn.de/de/ausflugsziele/donaudurchbruch.html,,,,,,,28/05/2009,,,true
,4,Weinfurtner,Glashütte mit schönem Park,Arnbruck bei Kötzting,3,false,,,true,,,,true,,,,,,,,Sommer auch Sonntag?,,,Glasscheune?,,http://www.weinfurtner.de/pages/de_glasdorf.html,,kostenlos,,,,01/01/2000,,,true
,4,tennis center,"Tennis, Sqash, Badminton, Sauna",Schwandorf,,,,,,true,,,true,,,16,,20 min,,,,,09431/20878,,,,,"tennis: 26-36dm/h, squash 7-8,50dm/halbe h, badminton 18-24",,,,01/01/2000,Auto,,
,4,"prokart-raceland, fritsch",gokart Kartbahn,"wackersdorf, industriegebiet wtf/nord",4,,,,,,,,true,,4,15,,,,,9-22 Uhr,auch kleine Karts für kleine Kinder,+49-(0)9431/75520,,http://www.campingweichselbrunn.de/de/ausflugsziele/prokart-raceland.html,http://www.prokart-raceland.com/,,,,,selbst,29/05/2009,auto,,true
,4,Moorlehrpfad: Kulzer/Prackendorfer Moos,größtes oberpfälzer Moorland (),Neunburg:Thanstein/Dieterskirchen,4,,,,,,true,true,,,4,20,"Kulz, von Prackendorf kommend am Ortseingang rechts Richtung Daudersdorf, nach ca. 1km rechts Beschilderung ""Lehrpfad: Erlebnis Kulzer Moos"" folgen zum Parkplatz in Sichtweite",,,1,,,,,,,,0,,,,01/01/2000,Auto,,
,4,Radweg Kallmünz Regensburg,an der Naab entlang,Kallmünz,5,,,,,true,true,,,,4,,,,,,,"soll sehr schön sein, ist aber mit Auto anzufahren für normal sportliche - oder mit der Bahn nach Regensburg bzw von dort zurück",,,,,,,,,Gast,26/05/2009,,,
,4,Höllohe,"Tiergehege,Naturpark, Waldspielplatz",Teublitz,5,,,,,,true,,,,,23,"vor Teublitz (Avia-Tankstelle) rechts in Industriegebiet (Bubach, Münchshofen), uber b15 geradeaus vor Nabbrücke rechts",,,,immer offen,,,,,,,,,,,01/01/2000,Auto,,
,4,Globus,größter Supermarkt der Umgebung,Schwandorf,,,,,true,,,,true,,1,14,B85,,,,,,,,,,,,,,,27/05/2009,,,
,4,Waldhaus Einsiedel,"Essen, Tiergehege, Kinderspielplatz","gehört zu Nittenau, liegt zwischen Bruck, Bodenwöhr, Walderbach",5,true,,false,,,true,,,,4,,,,,,,,09464 911891,,,,"Route zu Waldhaus Einsiedl (http://maps.google.com/maps?saddr=Camping+Weichselbrunn,+Ludwigsheide,+Bodenw%C3%B6hr,+Deutschland&daddr=Einsiedl+1,+Nittenau,+Deutschland&hl=de&ie=UTF8&sll=49.2183,12.36091&sspn=0.006678,0.01605&geocode=FX7l7wIdOLG7ACHwApW4M9oeHQ%3BFfwC7wIdzpy8ACkpb0nK7PqfRzHsly7QckhfMQ&mra=ls&z=13)",,Nittenau Einsiedl 1,,,01/01/2000,"Fahrrad, Auto",,
,4,Kurfürstenbad,Erlebnisbad,Amberg,4,,,,,true,,,true,,,40,kurfürstenring 2,45,,,,,09621 10656,,,,,,,,,01/01/2000,"auto, bahn",,
,4,Fischlehrpfad,"Bodenwöhr: HammerseeTaxöldern: TeichwirtschaftBruck: BiberNittenau: Waller, Forelle",Bodenwöhr und weitere,4,,,true,,,true,true,,,5,1,,0-10min,,,,,,,,,,,,,,01/01/2000,"Fuß, Rad, Auto",,
,4,Raubvogelschau,,"Riedenburg, Falkenhof Schloß Rosenburg",5,,,,,,true,true,,,,,,,,2,außer Mo tgl 9-17; tgl 11 u 15,www.falkenhof-rosenburg.de,09442/2752,"Höhle, Dampferfahrt",,http://www.falkenhof-rosenburg.de,,,,,,01/01/2000,,,
,4,König Otto Höhle,Tropfstein,"St Colomann, Nähe Velburg",3,,,,,,true,true,true,,,,AB Regensburg Nürnberg Abf Velburg oder Burglengenfeld,45-60 min,,,,,,,,,,,,,,01/01/2000,Auto,,
,4,Hirschberg,Aussichtsturm,Taxöldern / Fuhrn?,5,,,true,,,true,,,,5,10,,,,,,,,,,,,,,,,01/01/2000,,,
museum,4,Besucherbergwerk Stulln,geschlossen in 2011,Stulln,4,,,,,,,true,true,,,,,,,,geschlossen in 2011,"nachfragen, ob geöffnet!",09433 1555,Neusath Museum,http://www.campingweichselbrunn.de/de/ausflugsziele/bergwerk-2.html,www.reichhart-schacht.de,,,Freiung 2,,,01/01/2000,,,true
,4,Stöckl,Outdoor Laden Sportartikel Kleidung Schuhe ,Schwandorf,,,true,,true,,,,,,2,,,,,,,"gute Beratung, hohe Qualität, akzeptabler Preis",09431/2378,,,http://www.outdoorladen.de/,"http://maps.google.de/maps?f=d&source=s_d&saddr=Bodenw%C3%B6hr+Ludwigsheide+50&daddr=Angerring+14,+92421+Schwandorf+(Der+Outdoorladen)&hl=de&geocode=%3BCbPiQfNnkIQLFZPC8AIdhKW4ACEj_1yHIr-7YQ&mra=pe&mrcr=0&sll=49.284783,12.037749&sspn=1.504981,2.260437&ie=UTF8&t=h&z=12",,Angerring 14,,,01/06/2009,,,
,3,Hoher Bogen Sport- und Freizeitzentrum,"Wandern, Sommerrodelbahn, Doppelsesselbahn, Kinder Freizeitwelt, Inlineskater-Paradies, Wintersportzentrum, Winterrodelbahn",93453 Neukirchen b. Hl. Blut,,,,,,,,,,,,63,"B85 Cham, B20 Furth i. W., nach F.i.W. Richtung Eschlkam, Neukirchen b. Hl. Blut",75min,,,,,09947-464,,,www.hoher-bogen.de,,,,,,01/01/2000,Auto,,
,3,Konditorei,Konditorei,Taxöldern,,,,true,true,,,,true,,5,5,,,,,,Spezialitäten,,,,,,,,,,27/05/2009,,,
,3,Nationalpark,,,4,,,,,,true,true,,,,,,,,,,Lusen oder Falkenstein / Frauenau oder Grafenau,,,,Nationalpark Startseite (http://www.nationalpark-bayerischer-wald.de/),,,,,,01/01/2000,,,
,3,Westbad,das größte Spaßbad der Umgebung,Regensburg,4,,,,,true,,,true,,2,40,,,,,,,,,,,,,,,,,,,
,3,Churpfalz Park,Kinder-Attraktionen,Loifling bei Cham an B20,5,,,,,,,,,,,,,,,,Apr.-Okt. 9-18U,,09971/30300,,,,,,,,,25/05/2009,,,
,3,Tropfsteinhöhle Schulerloch,,,,,,,,,true,true,true,,,,,,,,,,,,,http://www.schulerloch.de/,,,,,,01/01/2000,,,
,3,,Kombination,Roßbach Falkenstein,4,,,,,,,,,true,4,,,,,,,Anfahrt mit dem Auto,,,,,,,,,,01/06/2009,,Kmac,
,3,Erlebnisbad,"beheiztes Freibad, Rutsche, Beachvolleyball",Schwandorf,4,,,,,true,,,,,,16,B85,25 min (Auto),,,,,,,,,,,,,,01/01/2000,"Auto, Bus, Bahn",,
,3,Felsenkeller,,Schwandorf,5,,true,,,,,true,true,,2,20,,,,,http://veranstaltungskalender.schwandorf.de/Veranstaltungen/tabid/8530/language/de-DE/Default.aspx,,09431 45124,,,http://www.schwandorf.de/index.phtml?mNavID=269.41&sNavID=269.41&La=1,,"3,50 Erw, Rest 2,50 Familie 9 Euro Gruppe 40€",Spitalgarten 1,,selbst,04/08/2009,,,
,3,Kletterwald,Hochseilklettergarten,Sinzing,4,,,,,true,,,,,,,,,,,"nicht Mo,Di (nur angemeldete Gruppen)",,01729282770,sburg,,http://www.kletterwald-regensburg.de/,,,,,,,,,
,3,Fun Bavaria,"Movin ground, Segelschule, Wasserski","Steinberg, In der Oder 1",4,,,,,,,,,,4,13,B85 Richtung Schwandorf,15min,,,,,09431-790 380,,,,,,,,,01/01/2000,Auto,,
,3,Wakeboard und Wasserski,Hans Dieter,Steinberg am See,3,,,,,,,,,,4,13,,,,,,,09431-790380,,,http://www.wildwakeski.de,,ab 17,In der Oder 1,,,20/07/2011,,,
,3,Hotel Wutzschleife,"Essen, Restaurant, Schwimmbad, Sauna",Rötz / Hillstedt 40,2,,,,,,,,,,,,,,,,,,09976-18-0,,,,,,,,,01/01/2000,,,
wanderung,3,Goldsteig Premiumwanderweg,Premium Fernwanderweg,Weichselbrunn,4,,,true,,false,true,,,,4,,,,,,,insgesamt 650 km Richtung Neunburg oder Roding,,,Goldsteig Artikel (http://www.campingweichselbrunn.de/de/pressespiegel/pradikat-und-kase-im-rucksack.html),,,,,,,28/05/2009,,,
schnäppchen,3,Efruti,Fabrikverkauf ,Neunburg,5,,,,true,,,,true,,5,,,,,,,,,,,,,,,,,01/06/2009,,,
,3,La Fattoria,Pizzeria Pizza Lieferservice,Bodenwöhr,,true,,true,,,,,,,5,1,,,,,ab 17 Uhr,"Pizza sehr gut, Lokal nicht so",09434 3731,,,,,,Hauptstr. 7,,,25/06/2009,,,
museum,3,Glasmuseum,,Frauenau,2,,,,,,,true,,,,,,,,,,,,,,Glasmuseum Frauenau (http://195.30.246.243/),,,Am Museumspark 1,,,29/05/2009,,,
,3,Obstlehrpfad,ca. 100 Obstbäume,Dieterskirchen,2,,,,,,true,true,,,,23,"Neunburg, Richtung Oberviechtach",20 min,,,immer,,,Bach-Wiesental,,,,0,,,,01/01/2000,Auto,,
,3,Geologischer Lehrpfad,,Tännesberg,3,,,,,,true,true,,,,50,"Autobahn Weiden, Ausfahrt Pfreimd, Ausschilderung Tännesberg",,,,,,,"Kraftwerk, Stausee, Obstlehrpfad, Burg Tännesberg",,,,,,,selbst besucht,01/01/2000,,,
museum,3,Bibliothek,wunderschöne Holzschnitzereien,Waldsassen,2,,,,,,,true,,,,102,,66,,,,Kloster- und Stiftsbibliothek,,Sibyllenbad,,http://www.abtei-waldsassen.de/,"http://maps.google.de/maps?f=d&source=s_d&saddr=waldsassen+Stiftsbibliothek&daddr=Ludwigsheide+50,+92439+Bodenw%C3%B6hr&hl=de&geocode=FYH--gIde8-7ACHwt_FHGDw6Eg%3B&mra=ls&sll=50.003585,12.308347&sspn=0.011613,0.026801&ie=UTF8&z=10",,"Basilikaplatz 2, 95652 Waldsassen",,selbst,20/06/2009,,,
stadt,3,,Stadtführung mit Bus,Regensburg,3,,,,,,,,true,,,,,,,45,,Start beim Dom jede volle Stunde,,,,,,,,,,,,,
stadt,3,mit dem Rad nach Regensburg und der Bahn zurück,durch das schöne Regental ,Regensburg,3,,true,,,,true,true,,,4,,,,,,,"wer nicht 2x 40 km plus Regensburg-Bummel mit dem Fahrrad fahren will, fährt am Abend mit dem Zug über Schwandorf nach Bodenwöhr Nord zurück - Das schöne Regental zwischen Nittenau und Regensburg kann per Fahrrad, per Kanu oder mit dem Auto erkundet werden.",,,,,,,,,,01/06/2009,,,
stadt,3,Busfahrt nach Prag,3.6. + 10.6. + 17.6. + 24.6. + 1.7. usw,Prag,1,,,,,,,true,,,,,,,,,,"Tagesfahrt mit dem Busunternehmen Meixner nach Prag. Im Preis enthalten: Busfahrt, deutschsprachige Reiseleitung, Stadtführung, Mittagessen kalt/warmes Buffet und Schifffahrt auf der Moldau; Kosten: 44 € für Erwachsene; 34 € für Kinder von 4 - 14 Jahren; Abfahrt ca. 6 Uhr!",,,,,,44 Erw,,Tourismusbüro oder Meixner,,29/05/2009,,,
,3,Kaolinberg,,,4,,,,,,,,,,,,,,,,,,,,,,,,,,,01/01/2000,,,
fest,3,Geisterwanderung,,Nittenau,,,,,,,,true,,,,10,,,,,,,,,,,,,,,,19/07/2009,,,true
stadt,3,Segway Regensburg,Stadtführung Regensburg auf dem Segway,Regensburg,,,true,,,true,,true,,,2,40,,,,,,,0941 63087447,,http://www.campingweichselbrunn.de/de/ausflugsziele/auf-segway-durch-regensburg.html,http://www.segway-regensburg.net/segway/cms/,,49,Gutenbergplatz 1a,,MZ,16/06/2009,,,true
schnäppchen,3,MAC Hosen,Fabrikverkauf zu sehr günstigen Preisen,Roßbach,3,,,,true,,,,true,,,19,über Nittenau,24,,,Mo-Fr 10-18,"der Link bezieht sich auf die Hauptniederlassung, nicht auf das FAC",09463/810735,,,http://www.mac-mode.com/,"MAC Hosenverkauf Roßbach (http://maps.google.de/maps?f=d&source=s_d&saddr=Ro%C3%9Fbach,+Wald&daddr=Ludwigsheide+50,+92439+Bodenw%C3%B6hr+(Camping+Weichselbrunn)&hl=de&geocode=%3BFc_p7wIdlKq7ACGw4q_vK0eW7g&mra=ls&sll=48.93832,12.6276&sspn=1.289942,2.469177&ie=UTF8&z=12)",,Bahnhofstr. 1,,Johanna,27/05/2009,,Kmac,true
museum,3,Freilandmuseum,,,4,false,false,,,,true,true,,,2,30,,,,,,,:,,,,,,,,,25/05/2009,,,
,3,Hammerschloß,"Essen s. alletele; Brunch So, Biergarten täglich ausser Mo von 12-20:30",Traidendorf b Kallmünz,,true,,,,,,,,,,,,,,,,,,,,,,,,,,01/01/2000,,,
,3,Erlebnispark Geiersthal,"mit Indoor-Kartbahn, 4 Bowlingbahnen, 2 Discotheken, Spielhalle",Gewerbegebiet 15; 94244 Geiersthal,3,,,,,true,,,true,,,70,B85 Richtung Cham bis Geiersthal,75min,,,"mi - fr: ab 17:00; sa: 14:00, nach Absprache bei Bowlingbahn",,09923-1802,,,www.kart-o-mania.de,,"s. Prospekt, Website",,09923-1802,,01/01/2000,Auto,,
,3,Lorenz (Bahlsen),Knabbereien,Neunburg v. W.,4,,,,true,,,,true,,4,,ehemalige Bahnstrecke,,,,,"Werksverkauf, die Preise sind nicht zum Abnehmen geeignet.",,,,,,,,,,27/05/2009,,,
,3,Osser,Berg,Lam,,,,,,,true,,,,,,Cham Kötzting,,,,,,,,,,,,,,,01/01/2000,,,
burgen,3,Falkenstein,Burg,Falkenstein,,,,,,,,true,,,4,,,,,,Montags geschlossen,,,Radweg,,,,,,,,01/01/2000,,Kmac,
museum,3,Oberpfälzer Handwerksmuseum,s. Jahresprogramm /Prospekt,92444 Rötz-Hillstedt,3,,,,,,,true,true,,,,,,,,"31.3.-27.10. täglich außer Montag 10-12, 13.30-17.0",,09976/1482,Radweg,,,,"E: 3,50; K:1,00",,,,01/01/2000,,,
,3,,Tennis,Flugplatz Bruck,,,,,,,,,,,3,5,,,,,,"2 Sandplätze und 2 Hartplätze, Spielzeiten für Gäste nach Anmeldung",,,,,,,,,,01/01/2000,,,
,3,"lusen, rachel",berg,nationalpark,,,,,,,true,,,,,,,,,,,,,,,,,,,,,01/01/2000,,,
,3,Hochseil Kletterpark,Hängebrücke usw 10-12m hoch,"Lam, Nähe Steigenberger Hotel",,,,,,true,,,,,,70,"B85 Cham, Kötzting, Hohenwarth",1:15 h,,,,,,,,,,,,,,01/01/2000,Auto,,
,3,Egidi Rodelparadies,"Sommerrodelbahn, 1000m längste Sommerrodelbahn Ostbayerns",St. Englmar,5,,,,,,,,,,,,"Cham,Viechtach",ca. 1h,,,April-Oktober 10-18Uhr,,09965 1203,,,,,ab 17 Uhr 1 EUR &Fahrt,,,,01/01/2000,,,
,3,Metzger-Mobil,Metzgerei Wurst Fleisch,Bodenwöhr,,,,true,true,,,,,,,0.3,,,,,"Di,Do,Fr 15 - 15 15 ",Parkplatzwiese - Grüneis ist der ehemalige Metzger des alten Supermarktes,,,,,,,,,,,,,
,3,Hochseilklettergarten,Hochseilklettergarten,Tännesberg,,,,,,true,,,,,,56,Tepa Hochseil-Klettergarten bei Großenschwand (TE-PA),44 min,,,,Bayerns größter Hochseil-Klettergarten,0961/401 7220,,,,,,,s. Tel www.te-pa.de info@te-pa.de,Prospekt Oberpfälzer Wald Zimmer,01/01/2000,,,
,3,Brennerei Familie Wild,"Verkauf von Likör, Edelbränden, Met; Imkerei","Taxöldern Eichelberg 11, 92439 Bodenwöhr",,,,true,,,,,true,,5,6,"Ludwigsheide Richtung Taxöldern, dort bis Linde, link, rechts Eichelberg hinauf",5-60min,,,,Online Shop: www.taxoeldern.de/eichelberg,09434-3541,Hartl,,,,,,,,01/01/2000,"Auto, Rad, Fuß",,
,2,Wanderbahn,"Mit dem Zug durch das romantische Regental, auch in Kombination mit Kanufahrt zurück",Wanderbahn im Regental e.V.; Postfach 1329; 82181 Gröbenzell,,,true,,,,,,,,,60,B85 Richtung Cham bis Viechtach,70min,,,Mai bis Okt.: Mo-fr 9 - 17; sa 10-13; so: 13-16,,0170-2425013,Kristallmuseum Viechtach,,www.wanderbahn.de,,Erwachsene 10€; Kinder 5€; Familien 20€; Tageskarte: +5€,,,,01/01/2000,Auto,,
stadt,2,Prag,Autoreise nach Prag,Prag  Tschechien,,,,,,,,true,,,,237,,142,,,,,,,,,"http://maps.google.de/maps?f=d&source=s_d&saddr=92439,+ludwigsheide+50&daddr=Prag&hl=de&geocode=&mra=ls&sll=49.688955,12.867737&sspn=1.266892,2.460937&ie=UTF8&ll=49.676515,13.285217&spn=1.267216,2.460938&z=9",,,,,08/06/2009,,,
fest,2,Hussiten,,Neunburg,,,,,,,,true,,,,15,,,,,,,,,,,,,,,,19/07/2009,,,
,2,Cinemaxx,Kino viele Säle,Regensburg,3,,,,,,,true,true,,,40,,,,,,,,,,,,,,,,01/06/2009,,,
,2,Bad,,Waldmünchen,,,,,,true,,,true,,,40,"neunburg, rötz",40,,,"mo ruhetag, so 9-20",,09972 1394,www.waldmünchen.de/aquafit.htm,,,,26DM Familienkarte ganztag,,,,01/01/2000,auto,,
fest,2,Guttensteiner,,Rötz,,,,,,,,true,,,,30,,,,,,,,,,,,,,,,19/07/2009,,,
,2,Walhalla,Ruhmeshalle,Regensburg,1,,,,,,,true,true,,,,,,,,,,,,,,,,,,,,,,
,2,Wünschelrutenlehrgang,,Neunburg,,,,,,,,true,,,,,,,,,,,,,,,,,,,,01/01/2000,,,
,2,Kloster,,Walderbach,2,,,,,,,true,true,,5,,,,,,,,,,,,,,,,,01/01/2000,,,
,2,Felsengänge,,Furth im Wald,4,,,,,,,,true,,,,,,,,,,,,,,,,,,,28/05/2009,,Kfurth,
,2,Kanutour auf der Naab,,,2,,,,,true,,,,,,30,Schwandorf oder Kallmünz,,,,,,,,,,,,,,,,,,
,2,Flugplatz,"Rundflüge (Bodenwöhr, Regensburg, Arber)",Nittenau-Bruck,,,,,,,,,,,4,7,,7 min,,,,,09436/8375,Tennis,,,,20 - 140,,,,01/01/2000,Auto / Bus?,,
,2,faber castell,Führung durch Produktion,Stein bei Nürnberg,4,true,true,,true,,,true,true,true,,,,,,,sporadisch,,,"Playmobil,Nürnberg Burg & Altstadt",,,,,,Anmeldung im Internet erforderlich,Gast,22/07/2011,,,
,2,Pole Position,GoKart,Rötz (innen) oder Cham (innen + außen),,,,,,,,,,,,25,,30min,,,"Di-Fr 17-23, Mo Ruhetag, Sa,So,Fe 13-23",,09976/2251 (Cham: 09971/861325),,,,,"bis 12J 12DM/10min, ab 12J 20DM/10min, Gruppen (ab8) 30min = 35/Pers",,,,01/01/2000,Auto,,
,2,Kegeln in Bruck,Kegeln (mit Turnschuhen),"Bruck, Freizeitzentrum",,,,,,true,,,true,,,3,,,,,Mi abend,,"09434/2400, Hahn 3661, Nickl 4661",,,,,8 /Bahn /h,Sollbacher Straße 17,Mi -11U,,01/01/2000,Auto,,
,2,Fichtelgebirge,,,,,,,,,true,,,,,,,,,,,,,,,,,,,,,01/01/2000,,,
,2,Conrad,Elektro- und Elektronik vom größten Versandhändler,Wernberg,,,,,true,,,,true,,,,,,,,,,,,,,,,,,,01/06/2009,,,
,1,Tschechien,Einkaufen,Grenzübergang Furth im Wald,3,,true,,true,,,,,,,60,,,,,,,:,,,,,,,,,25/05/2009,,Kfurth,
stadt,1,Bahnfahrt nach Prag,Zweitagesfahrt,Prag,,,,,,,,true,,,,,,,,,,anstatt 1 Tag mit Bus (anstrengend) oder mit eigenem Auto (stressig) mit der Bahn von Bodenwöhr Nord und übernachtung im Hotel in Prag,,,,,,,,,,,,,
fest,1,Drachen,,Furth im Wald,,,,,,,,true,,,,40,,,,,,,,,,,,,,,,19/07/2009,,,
,1,Potempa,Forellen Fische,Nittenau,,,,,true,,,,,,3,,entweder durch Nittenau oder wie maps angibt über Thann und Bleich,,,,,,09436 662‎,,,,"Potempa Forellenzucht (http://maps.google.de/maps?daddr=Dobl+1,+93149+Nittenau+(Potempa+Horst+Forellenzucht)&geocode=Cc3_2b01PaInFR1o7gIdksO6ACG-_McTpMLoZg&dirflg=&saddr=Ludwigsheide+50,+92439+Bodenw%C3%B6hr&f=d&hl=de&gl=de&dq=fische+potempa+nittenau&sll=49.178653,12.239762&sspn=0.006295,0.006295&cid=7415390796427820222&ie=UTF8&z=12)",,Dobl 1,,Kalwa,25/06/2009,,,
schnäppchen,,Wolf,Fleisch und Wurst Fabrikverkauf,Schwandorf,,,,,true,,,,,,,,,,,,,,,,,,,,,,,01/06/2009,,,
radtour,,Kallmünz-Regensburg,,Kallmünz,,,,,,,,,,,4,,,,35,,,,,,,,,,,,,,,,
radtour,,Radtour,Radtour nach Roding und zurück,Roding,,,,,,,,,,,4,,"Hammersee - Bodenwöhr - Bruck i. d. Opf. - Nittenau/Bergham - Muckenbach - Reichenbach - Walderbach! Hier gibt es den Klostergarten und die Seerosenteiche zu besichtigen. Leider ist der Regentalweg zwischen Muckenbach und Reichenbach an einer, wenn auch wenig, befahrenen Landstraße. Danach geht es auf dem Regental- Radweg weiter. Kurz vor Roding kommt noch mal ein längerer Anstieg (13%) zur Wallfahrtskirche Heilbrünnl. In Roding kann man wohl in den Zug steigen und nach Bodenwöhr zurückfahren. Man kann aber auch: von Roding nach Mitterdorf - Mitterkreith - Neubäu - hier könnte man wieder in den Zug einsteigen - oder - richtung Fronau, jedoch kurz vor Ortseingang links ab Richtung Rothsal - durch den Wald - Blechhammer - Bodenwöhr. Die Strecke ist ca. 65 km lang.",,65,,,,,,,,,,,,Sabine W.,28/06/2009,,,
burgen,,Dagestein,Burg,Vilseck,,,,,,,,,,,,,,,,,,,,,,http://www.dagestein.de/,,,,,,01/03/2009,,,
burgen,,Donaustauf,Burg,Donaustauf,,,,,,,,true,,,,,,,,,Ganzjährig,Ruine,,,,,,,,,,01/03/2009,,,
burgen,,Falkenberg,Burg,Falkenberg,,,,,,,,true,,,,,,,,,im Sommer am WE.,Privat,09637/270,,,,,,,,,01/03/2009,,,
burgen,,Kallmünz,Burg,Kallmünz,,,,,,,,true,,,,,,,,,Ganzjährig,ruine,,,,,,,,,,01/03/2009,,,
burgen,,Kastl,Burg,,,,,,,,,true,,,,,,,,,,Ruine/Klosterburg,,,,,,,,,,01/03/2009,,,
burgen,,Kürnberg,Burg,Kürnberg,,,,,,,,true,,,,,Stamsried,,,,Ganzjährig,Ruine,,,,,,,,,,01/03/2009,,,
burgen,,Leuchtenberg,Burg Theater festspiele,Leuchtenberg,,,,,,,,true,,,,55,A 93 Wernberg,37,,,Apr.-Okt. Am WE.,Ruine,09659-93100,,,http://www.burgfestspiele.de,"http://maps.google.de/maps?daddr=Brauhausstra%C3%9Fe+1,+92705+Leuchtenberg+(Stadtb%C3%BChne+Vohenstrau%C3%9F+e.V.)&geocode=CQrbtd7AohK7FTPS9AIdMRi7ACFUhBOFUOhlHw&dirflg=&saddr=Ludwigsheide+50,+92439+Bodenw%C3%B6hr&f=d&dq=Festspielb%C3%BCro+Leuchtenberg+Brauhausstr.+1+loc:+92705+Leuchtenberg&sll=49.599027,12.261425&sspn=0.024481,0.013378&cid=2262469820351218772&ie=UTF8&ll=49.426607,12.22641&spn=0.375152,0.565109&t=h&z=11",,Brauhausstraße 1 ,,MZ,10/07/2009,,,
burgen,,Loch,Burg,Rgbg.Sinzing,,,,,,,,true,,,,,,,,,baufällig,,,,,,,,,,,01/03/2009,,,
burgen,,Runding,Burg,Cham,,,,,,,,true,,,,,,,,,Ganzjährig,Ruine,,,,,,,,,,01/03/2009,,,
burgen,,Stockenfels,Burg,Nittenau,,,,,,,,true,,,,,,,,,Mai-Okt.1.So.im Monat,Ruine,,,,,,,,,,01/03/2009,,,
burgen,,Wolfsegg,Burg,Wolfsegg,4,,,,,,,true,,,,10,,,,,1.Mai-31.Okt.10-12 u.14-16Uhr,Kinder dürfen Kostüme anziehen,,,,,,,,,,01/03/2009,,,
burgen,,Wolfstein,Burg,Neumarkt,,,,,,,,true,,,,,,,,,Ganzjährig,Ruine,,,,www.wolfsteinfreunde.de,,,,,,01/03/2009,,,
burgen,,Wörth,Burg,Wörth,,,,,,,,true,,,,,zw.Rgbg.u. Straubing,,,,Mai.-Okt. 1.sa.im Monat,Burg/Schloss,09482/1515od.3035,"Brenneberg,Heilsberg,Falkenstein",,,,,,,,01/03/2009,,,
"stadt,burgen",,Burg,"Altstadt, Stadtmauer",Nürnberg,,,,,,,,true,,,,,,80,,,,,,,,,,,,,,01/01/2000,,,
burgen,,,Burg?,Stefling,,,,,,,,,,,,,,,,,,,,,,,,,,,,01/01/2000,"Auto, Busa",,
museum,,Jura Museum Willibaldsburg,"Dinosaurier, Mammut, Archaeopteryx, Korallenfische, Welt vor 150 Jahren, Altmühltal",Eichstätt,,,,,,,,true,,,,,B16 Regensburg-Ingolstadt-Eichstätt oder A9 Ingolstadt-Nürnberg Ausfahrt Altmühltal oder entlang Altmühl Kehlhein-Riedenburg-Beilngries (am schönsten),,,,"täglich 9-12,13-17, Montags geschlossen",,,,,,,"5DM,Gruppen 4DM,-16J mit Erwachsenem frei",,,,01/01/2000,"Auto, Bahn (ab Regensburg 2 Std)",,
museum,,Schulmuseum Fronau,Schulmuseum,Fronau,,,,,,,,false,true,,3,20,,25 min,,,,,09465/344,,,http://www.bayerischer-wald.de/kultur/museen/sonstige-museen/schulmuseum-fronau-.html,,,,,Ostbayern Familienferien 99 S 23,01/01/2000,Auto,,
museum,,Kreismuseum Walderbach,Kreismuseum,Walderbach,,,,,,,,true,false,,3,,,,,,"April-30.Oktober Mi,Sa,So und Feiertag v 14-17Uhr",,09971/78-218,,,http://www.walderbach.de/Kreismuseum.htm,,,,,Ostbayern Familienferien 99 S 23,01/01/2000,,,
museum,,Erzbergwerk Bodenmais = Besucherbergwerk,,Bodenmais,,,,,,,,true,true,,,,,,,,,,,,,,,,,,,01/01/2000,,,
schnäppchen,,Von Poschinger Glasmanufaktur,"Rundgang durch Glasfabrik, Verkauf von selbst produzierter Ware",Moosauhütte 14; 94258 Frauenau,,,,,,,,true,true,,,100,B85 Richtung Cham bis Ausfahrt Frauenau,115min,,,s. Prospekt,,9926-94010,,,www.poschinger.de,,"Erw. 1€; Kind ab 6 J.: 0,50€",,nur falls Manufaktur geschlossen anfragen,,01/01/2000,Auto,,
museum,,Kristallmuseum Viechtach,Ausstellung über Edelsteine bis zu 240 Millionen Jahre alt.,"Linprunstraße 4, 94234 Viechtach",,,,,,,,true,true,,,60,B85 Richtung Cham bis Viechtach,70min,,,mo-fr 9-18Uhr; sa-so 10-16Uhr,,09942-5497,,,kristall.woidwideweb.de,,,,,,01/01/2000,Auto,,
arzt,,Dr. Silvia Sperl,Zahnarzt,Bodenwöhr-Blechhammer,,,,true,,,,,,,,3,,,,,,"durch den Wald 20 Minuten, beim Bahnhof",09434 1057‎,,,,,,Bahnhofstr. 9,,,,,,
,,Heimerlmühle,"Reiten, Ponyreiten, Kutschenfahrten",Lengfeld - Neunburg,5,true,,,,true,,,,,3,12,12 km Auto oder 11 km Fahrrad Taxöldern Ebersdorf,,,,,,,,,http://www.ferienhof-heimerlmuehle.de/,"Fahrradroute Heimerlmühle (http://maps.google.de/maps?saddr=Ludwigsheide+50,+Bodenw%C3%B6hr&daddr=49.312344,12.2948937+to:Lengfeld+30,+92431+Neunburg+vorm+Wald&hl=de&ie=UTF8&sll=49.311694,12.316017&sspn=0.101953,0.190544&geocode=FZzn7wIdA6-7ACnrn36tK_GfRzGLtXUw7BKlmA%3BFVhy8AId7Zq7ACnVxU8S7fafRzEg4dqaMtoeEw%3BFfDz8AIdSF-8ACkHNJOwz_efRzGF8jtT89slxw&oq=Lud&t=h&dirflg=w&mra=mrv&via=1&z=13)",,Lengfeld 30,,Hannes,11/04/2012,,,
,,Reitstall Heidi Rester,"Reiten, Ponyreiten, Ausritte",Mappenberg Bodenwöhr,5,,,,,true,,,,,5,6,7km Straße Auto oder 6 km Fahrrad Altenschwand oder ,8,,,,,0162 2624180,,,,"Fahrradweg (http://maps.google.de/maps?saddr=Ludwigsheide+50,+Bodenw%C3%B6hr&daddr=49.29313,12.24487+to:Mappenberg+2,+92439+Bodenw%C3%B6hr&hl=de&ie=UTF8&sll=49.282364,12.26615&sspn=0.051007,0.095272&geocode=FZzn7wIdA6-7ACnrn36tK_GfRzGLtXUw7BKlmA%3BFUon8AIdhte6ACmPMpayBfSfRzEzGcfS4BGAEw%3BFQ4T8AIdMqm6AClv-ED3CfSfRzF5w47LirGr6A&oq=Lu&dirflg=w&mra=dpe&mrsp=1&sz=14&via=1&t=m&z=14)",,Mappenberg 2,,Hannes,11/04/2012,,,
,,Kristallkönigin,Dampferfahrt von Regensburg nach Walhalla,Regensburg,3,,,,,,,true,,,2,43,,,,,,,,,,Kristallkönigin Wurm & Köck (http://www.donauschiffahrt.de/de/101504219/kristallkoenigin.html),,,,,MZ,11/04/2012,,,
,,Ponyhof,,Steinberg,4,,,,,true,,,,,2,15,,,,,Montag Ruhetag! tägl 13-18 Uhr,,09431/ 6 25 22 oder 0172/ 9 44 77 88,Moving Ground,,http://www.ponyhofsteinberg.de/start00.html,,"ab 1,20 pro 2 Runden oder 5 Minuten",Schloßgasse 4,,Internet,16/06/2012,,,
,,Tierarztpraxis Peschel,mobiler Tierarzt,Nittenau,,,,,,,,,,,,0,,,,,,,09436 302490,,,http://tierarztpraxis-peschel.de/,,,,,,,,,
,,Münter Stuben,,Kallmünz,,true,,,,,,,,,2,,,,,,,,09473 1480,,,http://www.muenter-stuben.de,,,Vilsgasse 31,,Gast,28/09/2012,,,
,,Lidl,,Nittenau,,,,,true,,false,,true,,3,9,Bruck,,,,,,,,,,,,,,,27/05/2009,,,
,,BUND-Aktionen,hier nur Ansprechpartner:Kreisgruppe Schwandorf schwandorf@bund-naturschutz.de,,1,,,,,,true,,,,,,,,,,,"Fleischmann Hubert, AmeisenschutzvereinProf.Werner Schuller, Landesbud für Vogelschutz",09433 6883,,,,,,,,,01/01/2000,,,
,,Kino,Kino,Schwandorf,,,,,,,,true,true,,,20,,,,,,,,,,,,,,,,01/06/2009,,,
,,Hauck,"Tankstelle, tanken immer mit Bankkarte",Bodenwöhr,,,,true,,,,,,,,1.5,,,,,,,,,,,,,,,,19/06/2009,,,
,,bistro am flugplatz,,flugplatz Nittenau,,,,,,,,,,,,,,,,,,,09436/405,,,,,,,,,01/01/2000,,,
,,ANWB-Suchfunk,"Astra: transponder 58 (10.847 GHz vertikal), Audiokanal 7,38 MHz",,,,,,,,,,,,,,,,,,,,,,,,,,,,,01/01/2000,,,
,,Pro Natura Bioland Hof,,"Elfriede und Hans Roßmann, Oberviechtach",,,,,,,,,,,,30,,,,,,,info linden-apotheke sabine schiedermeier 09672/91339,,,,,,,,,01/01/2000,auto,,
,,minigolf,minigolf,irlaching b schwandorf,,,,,,,,,,,,,,,,,,,,,,,,,,,,01/01/2000,,,
,,Koller,"Reiterpension, Pferde, reiten",Poggersdorf,,,,,,,,,,,,,,,,,,,09672/2224,,,,,,,,,01/01/2000,,,
,,Fuchsenhof,"Pferdepension, Reiterhof",Seebarn,,,,,,,,,,,,20,"Neunburg, Eixendorf",20,,,,,09672 2000,,,,,,,,,01/01/2000,Auto,,
,,Flischbach,"Sieger Bundeswettbewerb ""Unser Dorf soll schöner werden""",bei Schönthal Waldmünchen,,,,,,,,,,,,,,,,,,"Schlichtheit, funktionale Normalität; ""Tourismus gab Anstoß für Dorfverschönerung"" Urlaub auf dem Bauernhof; 72 Einwohner",,,,,,,,,,01/01/2000,Auto,,
,,Gasthof Sporrer,"Restaurant, Essen",Neunburg,,,,,,,,,,,,,,,,,,,,,,,,,,,,01/01/2000,,,
,,Schützens Weinhaus,Weinhandlung,Neunburg,,,,,,,,,,,,,,,,,,,,,,,,,,,,01/01/2000,,,
,,Neunburger Rittersmahl,historisches Essen,,,,,,,,,,,,,,,,,,,,,,,,,,,nur gegen tel. Vorbestellung!,,01/01/2000,,,
,,Gabreta,Erlebnispark Keltenzeit,Ringelai,,,,,,,,,,,,170,Cham;Regen;Grafenau;Richtung Freyung; oder Autobahn Passau > Grafenau,,,,9-18U täglich,,www.gabreta.de,"Naturpark, Arber",,,,,,,mz 26.8.01,01/01/2000,auto,,
,,Wildniscamp am Falkenstein im Nationalpark Bayerischer Wald,"Baumhaus, Erdhöhle, Wiesenbett",Nationalpark,,,,,,,,,,,,,,,,,,empfehlenswert lt BUND,,,,,,,,,,01/01/2000,,,
,,Fahrschule Weinzierl,Ferienfahrschule,Nittenau,,,,,,,,,,,,,,,,,7.30-12.00/13.00-17.00,,09436/600 Autotel:0172/8995091,,,,,,,,,01/01/2000,,,
,,Torweiher,Gourmetrestaurant,Neunburg,,true,,,,,,,,,3,15,,,,,,unter den 222 besten Bayerns,,,,,,,,,,01/01/2000,"Auto, evtl Bürgerbus",,
,,Schmitt,Ultraleicht-Rundflüge,Bruck oder Regenstauf,,,,,,true,,,,,,,,,,,,,09471/301854,,,,,,,,eigenes Blatt im Ordner,01/01/2000,,,
,,Speedstrecke Inline Skater,,"Lam, Hoher Bogen Bahn",,,,,,true,,,,,,60,B85 Cham,45,,,,,,"Hochseil Kletterpark, Lam",,,,,,,,01/01/2000,Auto,,
,,,Bayernticket,,,,true,,,,,,,,,,,,,,,,,,http://www.campingweichselbrunn.de/de/ausflugsziele/bayernticket-2.html,,,,,,,28/05/2009,,,
,,Furth im Wald,Kombinationen für Furth im Wald,,5,,,,,,,,,true,,40,,,,,,,,"Wildgarten, Flederwisch,Felsengänge, Tschechien",,,,,,,,28/05/2009,,Kfurth,
,,Cafe Seewinkel,neben Badeplatz,Bodenwöhr,,true,,true,,,,,,,5,0.5,,,,,,,,,,,,,,,,29/05/2009,,,
,,Informationszentrum Erneuerbare Energien und Solarwasserstoff,Umwandlung Solarstrom in Wasserstoff,Neunburg,,,,,,,,true,true,,,13,"Radweg: Bodenwöhr Neunburg kreuzt kurz vor Neunburg Umgehungsstraße durch Unterführung: dort rechts auf die Umgehungsstr. und nach wenigen 100m rechts abbiegen, beschildert.Auto: Richtung Neunburg; bei Kaseren rechts, dann nicht links nach Neunburg, sondern geradeaus zum Industriegebiet; vorher kurz vor Senke rechts abbiegen, beschildert eon und Stadtwerke",,,,Di-Fr 9-12 u 13-16,,09672/1882,,,,,,,,,01/01/2000,Auto,,
,,KTB Kontinentales Tiefbohrprojekt der BRD,,Windischeschenbach,,,,,,,,true,,,,78,Autobahn-Ausfahrt Windischeschenbach,,,,"Führung täglich 11 u 16 U, Öffnung 10-18U täglich",,,,,,,"E 2DM, K1DM",,09681/91273,,01/01/2000,Auto,,
,,Forum des Sehens,Einblicke in die Welt der Wahrnehmung,Regen,,,,,,,,true,,,,,,,,,,,09921/26-212,,,,,,,,Ostbayern Familienferien 99 S 56,01/01/2000,,,
,,,Dampflokbahn,Ebermannstadt (fränk. Schweiz),,,,,,,,true,,,,,,,,,,,,,,,,,,,,01/01/2000,,,
,,Solardorf,,"Flanitzhütte, Freyung-Grafenau, Rand vom Nationalpark",,,,,,,,true,,,,,"Zwiesel, Flanitzhütte bzw Flanitzmühle",,,,,"840 Stück, 360m2, 2200Ah-220V, 40kW, 3,6MioDM",,,,,,,,,,01/01/2000,Auto,,
,,KZ Gedenkstätte,Gedenkstätte Konzentrationslager,Flossenbürg,3,,,,,,,true,true,,,,,,,,,,,,,,,,,,,29/05/2009,,,
,,Grieche Nittenau,griechisches Essen,Nittenau,,true,,,,,,,,,4,10,,,,,,,,,,,,,,,,01/06/2009,,,
,,Kino,diverse Kinos,Regensburg,,,,,,,,true,true,,,,,,,,,,,,,,,,,,,01/06/2009,,,
,,Filme,Filme in Kinos oder in unserem Aufenthaltsraum,verschiedene,,,,,,,,true,true,,,,,,,,,Suchwort Kino,,,,,,,,,,01/06/2009,,,
,,Gasthof Lutter,,Bodenwöhr Blechhammer,,true,,true,,,,,,,5,3,durch den Wald 2km,,,,,beim Bahnhof,,,,,,,,,,01/06/2009,,,
,,MC Donalds,,Schwandorf,4,true,,,,,,,,,1,,,,,,,,,,,,,,,,,01/06/2009,,,
,,,Vogelpark,Eslarn,,,,,,,,true,,,,,"Neunburg, Oberviechtach, Schönsee",,,,,,,,,,,,,,,01/01/2000,,,
,,Bootsverleih,"Ruderboot, Tretboot",Bodenwöhr,5,,,true,,,,,,,,0.3,,,,,,,,,,,,,,,,,,,
,,Badeplatz,"Liegewiese, Sandstrand,Toiletten, Kiosk, Wasserwacht",Bodenwöhr,5,,,true,,,,,,,,0.3,,,,,,,,,,,,,,,,,,,
,,Raiffeisenbank,"Geldautomat, Bank",Bodenwöhr,,,,true,,,,,,,5,1,,,,,,,,,,,,,,,,,,,
,,Hauck,"Busunternehmer, Busfahrten, Mietwagen",Bodenwöhr,,,,true,,,,,,,,0,,,,,,individuelle Busfahrten für Gruppen,,,,,,,,,,,,,
,,Pollinger Peter und Petra,Pferdepension Reiterpension,Neuenschwand,,,,,,,,,,,,3,,5 min,,,,,3419,,,,,"15,- /Nacht und Box mit Füttern und Koppel",,,,01/01/2000,Auto,,
,,Bäckerei Lorenz,"Bäckerei, Konditorei",Bodenwöhr,,,,true,,,,,,,5,1,,,,,,,,,,,,,,,,,,,
,,Bäckerei Cafe Beer,Cafe,Bodenwöhr,,,,true,,,,,,,5,1.1,,,,,,,,,,,,,,,,,,,
,,Sparkasse,"Geldautomat, Bank",Bodenwöhr,,,,true,,,,,,,5,1,,,,,,,,,,,,,,,,19/06/2009,,,
,,Minigolf,Minigolf,Neunburg,4,,,,,,,,,,4,,im Stadtpark am Fluß Schwarzach,,,,,,,Fahrradtour Schwarzach Murntal,,,,,,,,19/06/2009,,,
,,Kraus,"Tankstelle, Mietwagen",Bodenwöhr,,,,true,,,,,,,,1.2,,,,,,,,,,,,,,,,19/06/2009,,,
,,Allianz-Arena,,München,,,true,,,,,,,,,,,,,,,,,Deutsches Museum,,,,,,,,,,,
,,Jakob,Restaurant mit Biergarten am Regen und frischem Fisch aus der Wanne,Nittenau,,true,,,,,,,,,4,10,,,,,,,,Kanufahrt am Regen,,,,,,,,,,,
,,Fretschner - Geiger,Friseur,Bodenwöhr-Blechammer,,,,true,,,,,,,5,3,durch den Wald zum Bahnhof,,,,,,,,,,,,,,,,,,
,,Ökologia,Einkaufs- und Umweltzentrum,"92665 Altenstadt, Auf der Haide 2",,,,,true,,,,,,,40,,40min,,,,,"09602 170080,fax 0961 6170081,oekologia@t-onl..,",,,www.oekologia.de,,,,,mz 21.5.00,01/01/2000,"auto, bahn?",,
,,Bayern Park,Freizeitpark mit Achterbahnen,Fellbach 1; 94419 Reisbach,,,,,,,,,,,,100,"B85 Roding, B16 Michelsneukirchen, B20 u. Autobahn bis Dingolfing Ost, Reisbach",105min,,,s. www.bayernpark.de/content/wissenswertes/wissenswertes.htm > Öffnungzeiten,,08734-817,,,www.bayern-park.de,,"10,50€/Person über 2 J.",,,,01/01/2000,Auto,,
,,Wutzschleife,"Golf, Wellness",Rötz,,true,,,,true,,,,,3,24,,30,,,,,,Fahrradweg ,,http://www.wutzschleife.com/,,,,,,,,,
,,Porphyr-Steinbruch,Porphyr geologische Formation,Pingarten,,,,,,,true,true,,,5,,,,,,,Heute ist der aufgelassene Steinbruch bei Pingarten bayernweit der einzige größere Aufschluss in Rotliegend Sedimenten und besitzt daher Seltenheitswert!,,,,http://www.lfu.bayern.de/geologie/fachinformationen/geotope_schoensten/oberpfalz/6/index.htm,,,,,,01/06/2009,,,
,,Golf- und Landclub Oberpfälzer Wald e.V.,Golf,Fuhrn,,,,,,true,,,,,3,15,,,,,,,09439-466,,,http://www.glcoberpfaelzerwald.de/,,,Kemnath bei Fuhrn / Ödengrub • 92431 Neunburg v. Wald ,,,,,,
,,Maier ,Campingzubehör Reparatur Wohnwagen Wohnmobile Mietwohnwagen,Wackersdorf,,,,,true,,,,,,3,,,,,,,,09431 /50074,,,,,,Knappenstr. 7,,selbst,,,,
,,Tierpark Lohberg,,Lohberg,5,,,,,,,,,,,,,,,,,,,,,,,,,,,,,,
,,Dampferfahrt Altmühltal,ab Regensburg oder Kehlheim,Kehlheim,4,,,,,,,,,,,,,,,,,,,,,,,,,,,,,,
,,Donauschifffahrt,"Passau-Linz-Wachau-Wien; Dampferfahrt, Stadtrundfahrten, Buffetrundfahrten; Touren siehe Prospekt",Regensburg bzw. Passau,4,,,,,,,,true,,,45,"Rgbg: B85 Bruck, Teublitz, A93 Regensburg; Passau: A93, A3 Passau",45 min bzw. 120min,,,,,0851-929292,,,http://www.schulerloch.de/,,siehe Prospekt,,,,01/01/2000,Auto,,
,,Gasthaus Kolbeck,Musikantenstammtisch handgemachte Musik und Essen und Trinken,Windmais,,,,,,,,true,,,3,7,,10,,,,,09434 3965,Radtour Bahnstrecke,,,"Gashaus Kolbeck (http://maps.google.de/maps?f=d&source=s_d&saddr=Ludwigsheide+50,+92439+Bodenw%C3%B6hr&daddr=Windmais+1,+92439+Bodenw%C3%B6hr+(Gasthaus+Kolbeck)&hl=de&geocode=%3BFVNK8AIdoWC8AA&mra=ls&sll=49.302099,12.345505&sspn=0.012159,0.01766&ie=UTF8&t=h&z=14)",,Windmais 1,,,06/07/2009,,,
,,Intersport Meier,Sport Kleidung Schuhe,Schwandorf,,,true,,true,,,,,,2,19,,19,,,,,09431 960310,,,http://www.intersport-meier.de/,"http://maps.google.de/maps?f=d&source=s_d&saddr=Bodenw%C3%B6hr+Ludwigsheide+50&daddr=Friedrich-Ebert-Stra%C3%9Fe+13,+92421+Schwandorf+(Meier+Sport+GmbH+Mode)&hl=de&geocode=%3BCSoyIengd3eEFUuy8AIdWsC4ACGyUMSgNbjASg&mra=pe&mrcr=0&sll=49.169176,12.057187&sspn=1.508481,2.260437&ie=UTF8&t=h&z=12",,Friedrich-Ebert-Straße 13,,,06/07/2009,,,
,,"Seebreite, Entfernung Weichselbrunner Brücke im Hamersee, Trampolin",,,,,,,,,,,,,,,,,,,,94 m bis gegenüber150 trampolin brücke70 treppe trampolin52 steg trampolinalso 220m bis Brücke,,,,,,,,,,01/01/2000,,,true
radtour,,Radtour,Bruck auf Umwegen,,3,,,,,,,,,,5,,,,18,,,,,,http://www.campingweichselbrunn.de/de/radtouren/bruck-auf-umwegen.html,,,,,,Sabine W.,07/07/2009,,,
radtour,,Radtour,abendliches Austoben,,2,,,,,,,,,,5,,,,19,,,,,,http://www.campingweichselbrunn.de/de/radtouren/abenliches-austoben.html,,,,,,,,,,
,,Bowling Welt,,Amberg,3,,true,,,true,,,true,,,42,,35,,,ab 14 Uhr,,+49 9621 91 14 55 ,,,http://www.bowling-welt-amberg.de/,"http://maps.google.de/maps?daddr=Regensburger+Stra%C3%9Fe+70,+92224+Amberg+(Bowlingwelt+Amberg)&geocode=CdISOSyBTr8lFVpf8gIdqEC1ACErR0bwd6F0dg&dirflg=&saddr=Ludwigsheide+50,+92439+Bodenw%C3%B6hr&f=d&dq=Bowling+Welt+loc:+Amberg+Regensburger+Stra%C3%9Fe+70&sll=49.438554,11.878568&sspn=0.006295,0.006295&cid=8535624730278250283&ie=UTF8&ll=49.346152,12.091827&spn=0.375767,0.565109&t=h&z=11",,Regensburger Straße 70,,Schumann,09/07/2009,,,
,,FamilyAktivPark,"Badminton Sauna Tischtennis, Kicker, Air Hockey, Billard Restaurant - für Kinder Elektro-Kartbahn, einen Wabbelberg, eine Kinderkletterwand, mit Wellenrutsche, Trampoline, Tretfahrzeuge, Bällebad, ein Soccerfeld, eine Torwand, Kicker, Air-Hockey, Tischtennis, ein Pferd, Bobby-Cars, Einräder,eine Schießanlage (mit Bällen), eine Striker-Bahn, einen Riesenkletterturm",Wenzenbach-Grünthal,5,,,,,true,,,true,,,36,,37,,,ab 14 Uhr Mo Ruhetag,,(09407) 958775-0,Regensburg,,http://www.family-funclub.de/,"http://maps.google.de/maps?daddr=Brandlbergstra%C3%9Fe+59,+93173+Gr%C3%BCnthal,+Wenzenbach+(Family+Aktivpark+GmbH+%26+Co.+KG)&geocode=CRSmmM3dVPQeFZV17AIdZWm5ACEB_6dsEVCFWw&dirflg=&saddr=Ludwigsheide+50,+92439+Bodenw%C3%B6hr&f=d&dq=funclub+-+FAMILYAKTIVPARKGR%C3%9CNTHAL+loc:+Brandlbergstra%C3%9Fe+59+93173+Wenzenbach&sll=49.051029,12.151141&sspn=0.006295,0.006295&cid=6594765265121574657&ie=UTF8&ll=49.158808,12.231903&spn=0.377195,0.565109&t=h&z=11",,Brandlbergstraße 59, ,Florian,09/07/2009,,,
burgen,,Flossenbürg,Burg,Flossenbürg,,,,,,,,true,,,,78,A93 Weiden,60,,,Ganzjährig,Ruine gute Aussicht - gut Essen im Ort,,Konzentrationslager,,,,,,,,01/03/2009,,,
,,Brauerei,Führung  Jacob,Bodenwöhr,3,,,,,,,,,,,1,,,,,,noch zu klären,,,,,,,,,,,,,
,,Porzellan,Einkauf und Besichtigung,,,,,,,,,,,,,,,,,,,Sammeleintrag mit Link auf unsere Seite - einzelne Ziele folgen,,,http://www.campingweichselbrunn.de/de/ausflugsziele/porzellan.html,,,,,,,,,,
,,Bayernpark,"Vergnügungspark, Indoorhalle, Riesenrutsche, Wildwasserrafting, Sommerrodelbahn, Tiere, ",Reisbach,5,,,,,,,,,,,116,B20< Nähe Dingolfing,99,,,,,,Waldwipfelpfad,,http://www.bayernpark.de,"http://maps.google.de/maps?f=d&source=s_d&saddr=Bodenw%C3%B6hr+Ludwigsheide+50&daddr=Fellbach+1,+94419+Reisbach+(Bayern+Park)&geocode=%3BFQCH5AId0M3AACEI9uBIOWLmaw&hl=de&mra=ls&sll=48.904449,12.617798&sspn=1.341379,2.469177&ie=UTF8&ll=48.904449,12.507935&spn=1.341379,2.469177&z=9",,Fellbach 1,,Gast,19/07/2009,,,
,,Kneippanlage,,Bodenwöhr,2,,,true,,true,,,,,5,,,,,,,,,,,,,,,,,,,,
,,,Tennis,Bruck,,,,,,,,,,,4,4,,,,,,Freizeitzentrum in der Solbacher Straße mit Tennisplätzen,,,,,,,Sollbacherstr.,,,21/07/2009,,,
,,Arber,höchster Berg Ostbayerns mit Bergbahn und Arbersee,"Lam oder Bodenmais, ",4,,true,,,,true,,,,,90,,93,,,,,,"Lohberg Tierpark, Rißloch Wasserfälle,",,http://www.arber.de/,"http://maps.google.de/maps?f=d&source=s_d&saddr=Ludwigsheide+50,+92439+Bodenw%C3%B6hr+(Camping+Weichselbrunn)&daddr=Arber-Bergbahn+%4049.112222,13.134444&hl=de&geocode=Fc_p7wIdlKq7ACGw4q_vK0eW7g%3BFZ5k7QIdbGrIAA&mra=pe&mrcr=0&sll=49.183499,12.716675&sspn=0.631033,1.196136&ie=UTF8&ll=49.150275,12.716675&spn=0.631457,1.196136&z=10",,,,,,,,
,,Rißloch Wasserfälle,Wanderung zum Arber,Bodenmais,,,,,,,,,,,,,,,,,,,,Arber,http://www.regen-bilder.de/wandern_strecke_riesslochwasser.php,http://www.arber.de/daten/wandern5.htm,,,,,,,,,
,,Metzgerei ,,Bodenwöhr,,,,true,true,,,,,,5,1.4,,,,,,neben Hauck und Dr. Dickert,,,,,,,,,,,,,
,,Metzgerei Baumgärtner,,Bodenwöhr-Weihersiedlung,,,,true,true,,,,,,5,2,unterhalb der Schule,,,,,,,,,,,,,,,,,,
,,Porzellanikon,,Selb,,,,,,,,true,,,,128,,76,,,,,,Waldsassen Bibliothek,,http://www.porzellanikon.org/,"http://maps.google.de/maps?daddr=Werner-Sch%C3%BCrer-Platz+1,+95100+Selb-Pl%C3%B6%C3%9Fberg,+Selb+(Porzellanikon+Selb)&geocode=CZDBNatBG8TlFZvS_QIdRue4ACFlHfpMLIra2A&dirflg=&saddr=Camping+weichselbrunn+Bodenw%C3%B6hr+Ludwigsheide+50&f=d&dq=Porzellanikon+loc:+Werner-Sch%C3%BCrer-Platz+1+95100+Selb&sll=50.188955,12.11783&sspn=0.006295,0.006295&cid=15625953779990011237&ie=UTF8&z=9",,,,,,,,
,,Gläserne Scheune,,Viechtach - Kötzting,,,,,,,,true,,,,,,,,,,,,St Englmar,,http://www.bayerischer-wald-ferien.de/bilder-bayern-fotos/glaeserne-scheune-glaskunst-galerie.html,,,,,,,,,
,,Geodätisches Observatorium ,Geodäsie (Erdvermessung),Wettzell,,,,,,,,true,,,,,,,,,,,,st. Engmar bzw Arnbruck Glasdorf,,,"http://maps.google.de/maps?f=d&source=s_d&saddr=st+englmar&daddr=wettzell+to:arnbruck&hl=de&geocode=&mra=ls&sll=49.073416,12.854347&sspn=0.197019,0.386925&ie=UTF8&ll=49.073416,12.907906&spn=0.197019,0.386925&z=12",,,,,,,,
,,Baumwipfelpfad,,Neuschönau,5,,,,,,true,,,,,118,,109,,,,,,"Nationalpark, Glasmuseum Frauenau",,http://www.baumwipfelpfad.by,"http://maps.google.de/maps?daddr=Neusch%C3%B6nau&geocode=Fc_p7wIdlKq7ACGw4q_vK0eW7g%3BFfPp6QIdD6DNAA&dirflg=&saddr=Camping+weichselbrunn+Bodenw%C3%B6hr+Ludwigsheide+50&f=d&sll=48.884211,13.475855&sspn=0.095611,0.137157&ie=UTF8&ll=48.880748,13.478336&spn=0.095617,0.137157&t=h&z=13",,,,,,,,
,,Nationalparkzentrum,Lusen,Neuschönau,,,,,,,,true,,,,111,,104,,,,"Besucherzentrum Hans-Eisenmann Haus,Tier Freigelände Lusen,Pflanzen u Gesteins Freigelände, Baumwipfelpfad, Waldgeschichtliches Museum",,,,http://www.nationalpark-bayerischer-wald.de/besucherinfo/besuchereinrichtungen/nationalparkzentrum_lusen.htm,"http://maps.google.de/maps?f=d&source=s_d&saddr=Ludwigsheide+50,+92439+Bodenw%C3%B6hr+(camping+weichselbrunn)&daddr=Nationalpark+Bayerischer+Wald,+D-94556+Neusch%C3%B6nau,+Germany,+94556+(Nationalpark+Bayerischer+Wald)&hl=de&geocode=FZ7n7wId_q67ACkFv36tK_GfRzEA2aInKxFGow%3BFZWZ6wIdGFDMACHBXBa9o1zY7Q&mra=ls&sll=48.947759,13.351135&sspn=0.719721,0.784149&ie=UTF8&ll=49.097251,12.845764&spn=1.480069,1.568298&z=9",,Neuschönau,,,24/05/2010,,,
,,Nationalparkzentrum,Falkenstein,Ludwigsthal,,,,,,,,true,,,,97,,97,,,,"Nationalparkzentrum Falkenstein: Besucherzentrum Haus zur Wildnis, Tier Freigelände,Steinzeithöhle",,,,http://www.nationalpark-bayerischer-wald.de/besucherinfo/besuchereinrichtungen/nationalparkzentrum_falkenstein.htm,"http://maps.google.de/maps?f=d&source=s_d&saddr=Camping+Weichselbrunn,+Ludwigsheide+50,+92439+Bodenw%C3%B6hr&daddr=49.197515,12.798285+to:94227+Lindberg+(Haus+zur+Wildnis)&hl=de&geocode=FZ7n7wId_q67ACGw4q_vK0eW7ikFv36tK_GfRzEA2aInKxFGow%3BFcux7gIdTUnDACnFCUz7Rk51RzFhQWfhoyUdEw%3BFeaQ7AIdIPbJACG7Nfr9tPk6JQ&mra=ls&sll=49.025713,13.285217&sspn=0.359298,0.392075&ie=UTF8&ll=49.097251,12.774353&spn=1.480069,1.568298&z=9&via=1",,94227 Lindberg,,,,,,
,,Landgasthof Schmidbauer,Kegeln,Nittenau Muckenbach,,true,,,,true,,,true,,,11,,,,,,,09436/430,,,,,,Muckenbach,,,,,,
,,Nabba Dabba Doo,Indoor Funturm Trampoline Kartbahn Hüpfburg Kletterberg Bistro,Nabburg,5,,,,,,,,true,,2,32,,30,,,täglich 14-19,Kinder ab 1 Jahr,09433 - 20 21 18,Freilandmuseum Besucherbergwerk,,http://nabbadabbadoo.de/,"http://maps.google.de/maps?daddr=Schulstra%C3%9Fe+12,+92507+Nabburg&geocode=Cd95exRhRNSIFUWX8gIdbRK6AA&dirflg=&saddr=Ludwigsheide+50,+92439+Bodenw%C3%B6hr&f=d&dq=Nabba+Dabba+Doo+Kinderland+GmbH,+loc:+Schulstr.+12,+Nabburg&sll=49.452869,12.194413&sspn=0.006295,0.006295&ie=UTF8&t=h&z=12","6 pro Kind ab 2 3,50 Erwachsene",Schulstraße 12 ,,Prospekt,07/07/2009,,,true
,,Barfußpfad,Kneippanlage,Bruck,4,,,,,true,true,,,,5,5,,,,,immer,bei Sandoase,,,,,,0,Sandoase,,Gast Witte,07/08/2010,,,
,,Radtourenkarte,kostenlos von Oberpfälzer Wald,,3,,,,,true,,,,,5,,,,,,,mehrere Fahrradtouren mit Höhenprofil,,,http://www.campingweichselbrunn.de/de/aktivitaten/radtourenkarte.html,,,,,,,,,,
,,BULLCARTS ,,St. Englmar Maibrunn,4,,,,,true,,,,,,,,,,,nur bei trockener Witterung - ab 14 Uhr,Kinder ab 12J,0 99 65 / 85 00,"Sommerrodelbahn, Waldwipfelweg",,http://www.berghotel-maibrunn.de/bayern/bayerischer-wald/bullcart,"http://maps.google.de/maps?daddr=Gr%C3%BCn+-+Bullcart+%4049.010792,12.795964&geocode=Fc_p7wIdlKq7ACGw4q_vK0eW7g%3BFWjY6wIdPEDDAA&dirflg=&saddr=Camping+weichselbrunn+Bodenw%C3%B6hr+Ludwigsheide+50&f=d&sll=49.010792,12.795964&sspn=0.019789,0.037379&ie=UTF8&ll=49.11658,12.551193&spn=0.315944,0.598068&z=11",3 EUR Einzelfahrt bis 20 Eur für 10,,,Herbold,26/07/2009,,,
,,Radweg Lam Cham,,,4,,true,,,true,,,,,5,,mit Bahn nach Lam und den Rädern nach Cham,,,,,Regental Radweg 160km,,,,bayernbike (http://www.bayernbike.de/touren/bayerischer_wald/regental.shtml),,,,,Gast,,,,
,,Defibrillator,Reanimation bei Herzflimmern bis der Notarzt kommt,Bodenwöhr,,,,true,,,,,,,,0,,,,,,Rezeption Camping Weichselbrunn,,,,,,,,,,,,,
,,Museumsdorf Bayerischer Wald,,Thurmansbang bei Tittling bei Passau,,,,,,,,true,,,,124,,106,,,,,,,,http://www.museumsdorf.com/index.php,"http://maps.google.de/maps?f=d&source=s_d&saddr=Bodenw%C3%B6hr&daddr=48.965794,13.136902+to:94169+Thurmansbang&geocode=FSDM7wIdf727ACkjB84Y2vCfRzHUGbCXeBJ6_g%3B%3BFfm85wId67TLACEbJtj6oiszeQ&gl=de&hl=de&mra=dpe&mrcr=0&mrsp=1&sz=10&via=1&sll=48.97034,12.84719&sspn=0.657187,1.229095&ie=UTF8&z=10",,,,,,,,
,,Römer's,Hundesalon,Teublitz,,,,,,,,,,,,23,,,,,,liebevolle und professionelle Hundepflege,0160/99273323,Höllohe,,http://roemers-hundesalon.de/,"http://maps.google.com/maps?f=d&source=s_d&saddr=Bodenw%C3%B6hr+Ludwigsheide+50&daddr=49.221185,12.10659+to:Lilienthalstra%C3%9Fe+15,+93158+Teublitz,+Deutschland&hl=de&geocode=FZ7n7wId_q67ACkFv36tK_GfRzEA2aInKxFGow%3B%3BFU5q7wIdDLO4AClztEP7O42fRzG4ROq-XY1bog&mra=dpe&mrcr=0&mrsp=1&sz=12&via=1&sll=49.25432,12.202645&sspn=0.151707,0.301781&ie=UTF8&z=12",,Lilienthalstr. 15,nötig,Ayla,20/08/2010,Auto,,
,,Schmidbauer,Taxi,Bruck,,,,,,,,,,,,,,,,,,,09434 3331,,,,,,,,,20/08/2010,,,
,,Radweg Kombi Bahn Roding Nittenau,Radweg,Roding Nittenau,4,,true,,,true,,,,,5,,,,,,,,,,,,,,,,Gast,02/09/2010,,,
,,Radweg Kombi Bahn Regenstauf,Radweg,Regenstauf,4,,true,,,true,,,,,5,,,,,,,mit Fahrrad von Bodenwöhr über Bruck und Nittenau am Regen entlang bis Bahnhof Regenstauf und zurück über Schwandorf nach Bodenwöhr Nord,,,,,,,,,Gast,02/09/2010,,,
,,Radweg Regenstauf Wolfsegg,Radweg,Regenstauf,3,,true,,,,,,,,4,,,,,,,Naab-Regen-Radweg Pressgrund Eitlbrunn Schwaighausen Wolfsegg,,,,,,,,,MZ,02/09/2010,,,
,,Bräu Lorenz,Pferdepension,Bruck,,,,,,,,,,,,3,,5min,,,,nimmt keine Fremden,09434 2245,,,,,,,,,01/01/2000,Auto,,
,,Reit- und Pensionsstall Barcelona,Reiten Ponyreiten Mutter-Kind Ausritte Kutschfahrten Pferde,Bruck Mögendorf,,,,true,,true,,,,,4,3,,,,,,"Gerda Schulz Bereiterin; in 2010 gelobt, in 2011 möglicherweise nicht mehr im Angebot?",0162-9357960,,,,,,Mögendorf 1,,,,,,
,,Playmobil Park Zirndorf,,Zirndorf,5,true,,,,,,,,,,115,A6 bis südlich Nürnberg,1:21,,,9-19,,0911/9666-0,,,Playmobil Park Zirndorf (http://playmobil-funpark.de/funpark/de),,,,,,,,,
,,Aldi,,Schwandorf,,,,,true,,,,true,,2,14,B85,,,,,in Nittenau nur Lidl nicht Aldi; Aldi ist auch in Neunburg,,Obi Globus Mc Donalds,,,,,Am Brunnfeld 1,,,27/05/2009,,,
,,Aldi,,Neunburg,,,,,true,,,,true,,2,,,,,,,Alternative Schwandorf,,,,,,,Heinz-Flessner-Straße 5,,,,,,
,,Museum für historische Maybach Fahrzeuge,,Neumarkt,,,,,,,,true,,,,,,,,,,,09181 4877100,,,,,,Holzgartenstr. 8,,,,,Höhle Velburg?,
,,Heimat und Braunkohlemuseum Steinberg,Braunkohle Tagebau & Lehr-Wanderweg,Steinberg,,,,,,,,true,,,3,,,,,,,,09431 64477,,,,,,Pfarrer Gschwendtner Straße 5,,,,,,
arzt,,St. Barbara ,Krankenhaus,Schwandorf,,,true,,,,,,,,,15,,,,,,unser Kreiskrankenhaus wird vom Notarzt für allgemeine Notfälle angefahren,,,,,,,,,,,,,
radtour,,Walhalla,75 km hin und zurück zur Walhalla,Donaustauf,2,,,,,,,,,,4,,"Bruck,Flugplatz,Muckenbach,Bodenstein,Roßbach,Radweg Falkenstein-Regensburg,Radlbahnhof,Bernhardswald,links runter nach Donaustauf",,75,,,etwas ambitioniert aber keine schlimmen Steigungen,,,,,,,,,Schumm,,,,
museum,,Silberbergwerk,,Bodenmais,,,,,,,,,true,,,,,,,,,Erleben Sie eine faszinierende Welt unter Tage - im Silbergwerk Bodenmais (Bayerischer Wald)!,09924 304,,,http://www.bayrischer-wald.eu/de/silberbergwerk.html,,,Barbarastr. 1,,,,,,
arzt,,Dr. Kögler,"Arzt, Notarzt, Allgemeinmedizin",Bodenwöhr,,,,true,,,,,,,,1.2,,,,,,,09434 901320,,,,,,Schwandorfer Str. 5,,,,,,
schnäppchen,,Einkaufen in Tschechien,Variante Waldmünchen,Domazlice Tschechien,,,,,true,,,,,,,65,Waldmünchen Höll,70,,,,Auch direkt hinter der Grenze kann eingekauft und getankt werden,,,,,"http://maps.google.de/maps?f=d&source=s_d&saddr=92439,+ludwigsheide+50&daddr=49.367172,12.674103+to:Taus,+Tschechien&geocode=%3B%3BFapp8gId1jzFAA&hl=de&mra=dme&mrcr=0&mrsp=1&sz=10&via=1&sll=49.194269,12.870483&sspn=0.640774,1.400757&ie=UTF8&ll=49.317513,12.66243&spn=0.639182,1.400757&z=10",,,,,24/06/2009,,,
arzt,,Krankenhaus Amberg,Krankenhaus,Amberg,,,true,,,,,,,,,40,,,,,,"Aussenstelle Uniklinik mit z.B. Kinder, Kardio wird vom Notarzt für Herzinfarkt angefahren",,,,,,,,,,,,,
stadt,,Pilsen,,Pilsen  Tschechien,,,,,,,,,,,,144,,90,,,,,,,,,"http://maps.google.de/maps?f=d&source=s_d&saddr=92439,+ludwigsheide+50&daddr=Pilsen&hl=de&mra=ls&sll=49.582226,13.021545&sspn=1.269671,2.460938&ie=UTF8&z=10",,,,,08/06/2009,,,
arzt,,Dr. Dickert,"Arzt, Allgemeinmedizin",Bodenwöhr,,,,true,,,,,,,,2,,,,,,,09434 2660,,,,,,Hauptstr. 24,,,19/06/2009,,,
museum,,Fürstenzeche,Heilluft-Stollen und Besucherbergwerk Silber und Flußspat,Lam,,,,,,,,,true,,,69,Cham Kötzting,74,,,,"Durch den 600 m langen ""Barbarastollen"" gelangt man tief in das Innere des Berges bis zu einer Höhle, dem ""Großen Barbaraverhau"". Im Silberbergwerk im Inneren des Silberbergs können Sie über 60 Mineralien bestaunen. Der unterirdische See und das Silberberg-Museum sind auf jeden Fall sehenswert! Im Silberberg-Museum Bayerischer Wald können Sie sich über die Bodenmaiser Bergwerksgeschichte (seit 1311) genauer informieren! ",09943 903541,,,http://www.fuerstenzeche.de/,"http://maps.google.de/maps?daddr=Zechenstrasse+14a,+93462+Lam+(Besucherbergwerk+%22F%C3%BCrstenzeche%22)&geocode=CTWn-FOfAmc8FR627gIdx47HACHll-ZMtIBMOw&dirflg=&saddr=Ludwigsheide+50,+92439+Bodenw%C3%B6hr&f=d&dq=f%C3%BCrstenzeche+lam&sll=51.151786,10.415039&sspn=23.289221,63.369141&cid=4272931658340407269&ie=UTF8&t=h&z=11",,Zechenstrasse 14a,,,,,,
stadt,,Marienbad,Route 3,Marienbad Tschechien,,false,false,false,false,false,false,true,false,false,,128,,100,,,,,,,,,"Marienbad über Tischenreuth Landstraße in Tschechien (http://maps.google.de/maps?f=d&source=s_d&saddr=92439,+ludwigsheide+50&daddr=49.825581,12.288208+to:Marienbad+tschechien&geocode=&hl=de&mra=dpe&mrcr=0&mrsp=1&sz=9&via=1&sll=49.614435,12.463995&sspn=1.487756,3.279419&ie=UTF8&z=9)",,,,,,,,
arzt,,Orthopädische Klinik,Krankenhaus,Lindenlohe bei Schwandorf,,,,,,,,,,,,20,,,,,,,,,,,,,,,,,,,
arzt,,Uniklinik Regensburg,Krankenhaus,Regensburg,,,,,,,,,,,,50,,40,,,,,0941 9440,,,,"http://maps.google.de/maps?f=d&source=s_d&saddr=Bodenw%C3%B6hr+Ludwigsheide+50&daddr=Franz-Josef-Strauss-Allee+11,+93053+Regensburg+(Uniklinik+Regensburg)&hl=de&geocode=%3BFcmC6wIdFXq4ACFFhtNzRN1fgA&mra=pe&mrcr=0&sll=49.133132,12.194402&sspn=0.410637,1.056747&ie=UTF8&ll=49.133206,12.182465&spn=0.410637,1.056747&t=h&z=11",,,,,,,,
stadt,,Altstadt Amberg,Altstadt und Park der Landesgartenschau und Mariahilfberg,Amberg,,,true,,,,,true,,,,40,,,,,,,,,,,,,,,,,,,
stadt,,Marienbad,Route 1,Marienbad Tschechien,,,,,,,,true,,,,123,,86,,,,,,,,,"Marienbad über Waidhaus Autobahn in Tschechien (http://maps.google.de/maps?f=d&source=s_d&saddr=92439,+ludwigsheide+50&daddr=49.654294,12.540894+to:Marienbad+tschechien&geocode=&hl=de&mra=dme&mrcr=0&mrsp=1&sz=10&via=1&sll=49.61443,12.411585&sspn=0.743872,1.639709&ie=UTF8&z=10)",,,,,,,,
museum,,Deutsches Museum,unbeschreiblich gut,München,4,,true,,,,,true,,,,,,,,,,,,Allianz-Arena,,,,,,,,,,,
museum,,Stadtmuseum,,Schwandorf,,,,,,,,true,,,,19,,20,,,Donnerstag: 11.00 - 16.30 Uhr Sonntag: 14.00 - 17.00 Uhr außerdem nach Vereinbarung,,09431 3819854,,,http://www.schwandorf.de/index.phtml?sNavID=269.37&La=1,"http://maps.google.de/maps?daddr=Rathausstra%C3%9Fe+1,+92421+Schwandorf+(Stadtmuseum)&geocode=CS8PG48OG9_9Ff-18AIdFbm4ACHd5eoX4M35sw&dirflg=&saddr=Bodenw%C3%B6hr+Ludwigsheide+50&f=d&gl=de&dq=stadtmuseum+schwandorf&sll=49.329663,12.106005&sspn=0.006295,0.006295&cid=12968622964347692509&ie=UTF8&t=h&z=12",,Rathausstr. 1,,,,,,
stadt,,Marienbad,Route 2 Waldsassen,Marienbad Tschechien,,,,,,,,true,,,,143,,109,,,,,,Bibliothek Waldsassen,,Marienbad Wikipedia (http://de.wikipedia.org/wiki/Mari%C3%A1nsk%C3%A9_L%C3%A1zn%C4%9B),"Marienbad über Waldsassen ohne Autobahn (http://maps.google.de/maps?f=d&source=s_d&saddr=92439,+ludwigsheide+50&daddr=50.013034,12.3349+to:Marienbad+tschechien&geocode=&hl=de&mra=dme&mrcr=0&mrsp=1&)",,,,,,,,
stadt,,Touristen Information,Touristen Information,Regensburg Tourismus Information,,,,,,,,,,,,45,über Regental,57,,,,,0941 59579275,,,,"http://maps.google.de/maps?f=d&source=s_d&saddr=Ludwigsheide+50,+92439+Bodenw%C3%B6hr&daddr=49.214009,12.168732+to:Rathausplatz+1,+93047+Regensburg+(Touristinfo+im+Alten+Rathaus)&hl=de&geocode=%3B%3BFer86wIdJI64ACG2ho7jMyqeEA&gl=de&mra=dpe&mrcr=0&mrsp=1&sz=11&via=1&sll=49.148045,12.19106&sspn=0.378176,1.051254&ie=UTF8&t=h&z=11",,Rathausplatz 1,,,,,,
schnäppchen,,Einkaufen in Tschechien,Variante Furth,Domazlice Tschechien,,,,,true,,,,,,,71,Furth i wald,67,,,,,,,,,"http://maps.google.de/maps?f=d&source=s_d&saddr=92439,+ludwigsheide+50&daddr=49.305427,12.832031+to:Taus,+Tschechien&geocode=%3B%3BFapp8gId1jzFAA&hl=de&mra=dme&mrcr=0&mrsp=1&sz=10&via=1&sll=49.320515,12.61253&sspn=0.386703,0.884399&ie=UTF8&ll=49.320646,12.612305&spn=0.639135,1.400757&z=10",,,,,24/06/2009,,,
museum,,Museen im Bayerischen Wald,Museum,Bayerischer Wald,,,,,,,,true,,,,,,,,,,,,,,http://www.bayerischer-wald.de/kultur/museen/,,,,,,,,,
